ticker,field,fiscal_year,current_parser,edgartools,verdict
A,revenue,2007,5420000000.0,,only current parser
A,revenue,2008,5774000000.0,,only current parser
A,revenue,2018,4914000000.0,,only current parser
A,revenue,2019,5163000000.0,,only current parser
A,revenue,2020,5339000000.0,,only current parser
A,revenue,2021,6319000000.0,,only current parser
A,revenue,2022,6848000000.0,,only current parser
A,revenue,2023,6833000000.0,,only current parser
A,revenue,2024,6510000000.0,,only current parser
A,revenue,2025,6948000000.0,,only current parser
A,operating_income,2013,386000000.0,565000000.0,DISAGREE
A,operating_income,2014,419000000.0,412000000.0,DISAGREE
A,operating_income,2015,522000000.0,-39000000.0,DISAGREE
A,net_income,2007,638000000.0,2000000.0,DISAGREE
A,net_income,2008,693000000.0,-1000000.0,DISAGREE
A,net_income,2009,-31000000.0,-192000000.0,DISAGREE
A,net_income,2010,684000000.0,648000000.0,DISAGREE
A,net_income,2011,1012000000.0,,only current parser
A,net_income,2012,1153000000.0,,only current parser
A,net_income,2013,734000000.0,,only current parser
A,net_income,2014,549000000.0,,only current parser
A,net_income,2015,401000000.0,,only current parser
A,net_income,2016,462000000.0,,only current parser
A,net_income,2017,684000000.0,,only current parser
A,net_income,2018,316000000.0,210000000.0,DISAGREE
A,net_income,2019,1071000000.0,1012000000.0,DISAGREE
A,total_assets,2007,,-13000000.0,only EdgarTools
A,total_assets,2008,7007000000.0,53000000.0,DISAGREE
A,total_assets,2009,7612000000.0,45000000.0,DISAGREE
A,total_assets,2010,9696000000.0,76000000.0,DISAGREE
A,total_assets,2011,9057000000.0,111000000.0,DISAGREE
A,total_assets,2012,10536000000.0,136000000.0,DISAGREE
A,total_assets,2013,10686000000.0,190000000.0,DISAGREE
A,total_assets,2014,10815000000.0,189000000.0,DISAGREE
A,total_assets,2015,7479000000.0,158000000.0,DISAGREE
A,total_assets,2016,7794000000.0,154000000.0,DISAGREE
A,total_assets,2017,8426000000.0,120000000.0,DISAGREE
A,total_assets,2018,8541000000.0,110000000.0,DISAGREE
A,total_assets,2019,9452000000.0,128000000.0,DISAGREE
A,total_assets,2020,9627000000.0,186000000.0,DISAGREE
A,total_assets,2021,10705000000.0,195000000.0,DISAGREE
A,total_assets,2022,10532000000.0,192000000.0,DISAGREE
A,total_assets,2023,10763000000.0,140000000.0,DISAGREE
A,total_assets,2024,11846000000.0,105000000.0,DISAGREE
A,total_assets,2025,12727000000.0,105000000.0,DISAGREE
A,total_equity,2006,3648000000.0,,only current parser
A,total_equity,2007,3234000000.0,,only current parser
A,total_equity,2008,2559000000.0,,only current parser
A,total_equity,2009,2506000000.0,,only current parser
A,total_equity,2010,3228000000.0,,only current parser
A,total_equity,2011,4308000000.0,,only current parser
A,total_equity,2012,5182000000.0,,only current parser
A,total_equity,2013,5286000000.0,,only current parser
A,total_equity,2014,5301000000.0,,only current parser
A,total_equity,2015,4167000000.0,-852000000.0,DISAGREE
A,total_equity,2016,4243000000.0,,only current parser
A,total_equity,2017,4831000000.0,,only current parser
A,total_equity,2018,4567000000.0,,only current parser
A,total_equity,2019,4748000000.0,,only current parser
A,total_equity,2020,4873000000.0,,only current parser
A,total_equity,2021,5389000000.0,,only current parser
A,total_equity,2022,5305000000.0,,only current parser
A,total_equity,2023,5845000000.0,,only current parser
A,total_equity,2024,5898000000.0,,only current parser
A,total_equity,2025,6741000000.0,,only current parser
AA,revenue,2014,13147000000.0,,only current parser
AA,revenue,2015,11199000000.0,,only current parser
AA,net_income,2014,-256000000.0,-144000000.0,DISAGREE
AA,net_income,2015,-863000000.0,43000000.0,DISAGREE
AA,net_income,2016,-400000000.0,21000000.0,DISAGREE
AA,total_assets,2014,,13000000.0,only EdgarTools
AA,total_assets,2015,16413000000.0,10000000.0,DISAGREE
AA,total_assets,2016,16741000000.0,7000000.0,DISAGREE
AA,total_assets,2017,17447000000.0,12000000.0,DISAGREE
AA,total_assets,2018,16132000000.0,725000000.0,DISAGREE
AA,total_assets,2019,14631000000.0,9000000.0,DISAGREE
AA,total_assets,2020,14860000000.0,1.683,DISAGREE
AA,total_assets,2021,15025000000.0,11000000.0,DISAGREE
AA,total_assets,2022,14756000000.0,7000000.0,DISAGREE
AA,total_assets,2023,14155000000.0,5000000.0,DISAGREE
AA,total_assets,2024,14064000000.0,5000000.0,DISAGREE
AA,total_assets,2025,16129000000.0,6000000.0,DISAGREE
AA,total_equity,2013,14789000000.0,,only current parser
AA,total_equity,2014,13073000000.0,5000000.0,DISAGREE
AA,total_equity,2015,9442000000.0,-2000000.0,DISAGREE
AA,total_equity,2016,5654000000.0,3000000.0,DISAGREE
AA,total_equity,2017,4523000000.0,11000000.0,DISAGREE
AA,total_equity,2018,5618000000.0,-28000000.0,DISAGREE
AA,total_equity,2019,4112000000.0,6000000.0,DISAGREE
AA,total_equity,2020,3311000000.0,2000000.0,DISAGREE
AA,total_equity,2021,4672000000.0,-1000000.0,DISAGREE
AA,total_equity,2022,5076000000.0,1000000.0,DISAGREE
AA,total_equity,2023,4251000000.0,1000000.0,DISAGREE
AA,total_equity,2024,5157000000.0,1000000.0,DISAGREE
AA,total_equity,2025,6118000000.0,,only current parser
AA,depreciation_amortisation,2014,954000000.0,10548000000.0,DISAGREE
AA,depreciation_amortisation,2015,780000000.0,9039000000.0,DISAGREE
AA,depreciation_amortisation,2016,718000000.0,7877000000.0,DISAGREE
AA,depreciation_amortisation,2017,750000000.0,8950000000.0,DISAGREE
AA,depreciation_amortisation,2018,733000000.0,10053000000.0,DISAGREE
AA,depreciation_amortisation,2019,713000000.0,8537000000.0,DISAGREE
AA,depreciation_amortisation,2020,653000000.0,7969000000.0,DISAGREE
AA,depreciation_amortisation,2021,664000000.0,9153000000.0,DISAGREE
AA,depreciation_amortisation,2022,617000000.0,10212000000.0,DISAGREE
AA,depreciation_amortisation,2023,632000000.0,9813000000.0,DISAGREE
AA,depreciation_amortisation,2024,642000000.0,10044000000.0,DISAGREE
AA,depreciation_amortisation,2025,623000000.0,10658000000.0,DISAGREE
AAL,revenue,2008,,23766000000.0,only EdgarTools
AAL,revenue,2009,,19917000000.0,only EdgarTools
AAL,revenue,2010,,22170000000.0,only EdgarTools
AAL,revenue,2011,,23979000000.0,only EdgarTools
AAL,revenue,2012,,2523000000.0,only EdgarTools
AAL,revenue,2017,42622000000.0,,only current parser
AAL,revenue,2018,44541000000.0,,only current parser
AAL,revenue,2019,45768000000.0,,only current parser
AAL,revenue,2020,17337000000.0,,only current parser
AAL,revenue,2021,29882000000.0,,only current parser
AAL,revenue,2022,48971000000.0,,only current parser
AAL,revenue,2023,52788000000.0,,only current parser
AAL,revenue,2024,54211000000.0,,only current parser
AAL,revenue,2025,54633000000.0,,only current parser
AAL,net_income,2012,-1876000000.0,520000000.0,DISAGREE
AAL,total_assets,2008,,940000000.0,only EdgarTools
AAL,total_assets,2009,25438000000.0,28000000.0,DISAGREE
AAL,total_assets,2010,25088000000.0,28000000.0,DISAGREE
AAL,total_assets,2011,23848000000.0,27000000.0,DISAGREE
AAL,total_assets,2012,23510000000.0,25000000.0,DISAGREE
AAL,total_assets,2013,42278000000.0,20000000.0,DISAGREE
AAL,total_assets,2014,43225000000.0,81000000.0,DISAGREE
AAL,total_assets,2015,48415000000.0,55000000.0,DISAGREE
AAL,total_assets,2016,51274000000.0,76000000.0,DISAGREE
AAL,total_assets,2017,52785000000.0,44000000.0,DISAGREE
AAL,total_assets,2018,60580000000.0,41000000.0,DISAGREE
AAL,total_assets,2019,59995000000.0,41000000.0,DISAGREE
AAL,total_assets,2020,62008000000.0,41000000.0,DISAGREE
AAL,total_assets,2021,66467000000.0,41000000.0,DISAGREE
AAL,total_assets,2022,64716000000.0,0.0,DISAGREE
AAL,total_assets,2023,63058000000.0,11000000.0,DISAGREE
AAL,total_assets,2024,61783000000.0,314000000.0,DISAGREE
AAL,total_assets,2025,61774000000.0,0.0,DISAGREE
AAL,total_equity,2007,2704000000.0,,only current parser
AAL,total_equity,2008,-2935000000.0,,only current parser
AAL,total_equity,2009,-3489000000.0,,only current parser
AAL,total_equity,2010,-3945000000.0,,only current parser
AAL,total_equity,2011,-7111000000.0,,only current parser
AAL,total_equity,2012,-7987000000.0,,only current parser
AAL,total_equity,2013,-2731000000.0,,only current parser
AAL,total_equity,2014,2021000000.0,1.0,DISAGREE
AAL,total_equity,2015,5635000000.0,,only current parser
AAL,total_equity,2016,-284000000.0,,only current parser
AAL,total_equity,2017,-780000000.0,,only current parser
AAL,total_equity,2018,-169000000.0,,only current parser
AAL,total_equity,2019,-118000000.0,,only current parser
AAL,total_equity,2020,-6867000000.0,,only current parser
AAL,total_equity,2021,-7340000000.0,,only current parser
AAL,total_equity,2022,-5799000000.0,,only current parser
AAL,total_equity,2023,-5202000000.0,,only current parser
AAL,total_equity,2024,-3977000000.0,,only current parser
AAL,total_equity,2025,-3727000000.0,,only current parser
AAL,capex,2008,876000000.0,,only current parser
AAL,capex,2009,1521000000.0,,only current parser
AAL,capex,2010,1962000000.0,,only current parser
AAL,capex,2011,1610000000.0,,only current parser
AAL,capex,2012,1888000000.0,,only current parser
AAL,capex,2013,3114000000.0,,only current parser
AAL,capex,2014,5311000000.0,,only current parser
AAL,capex,2015,6151000000.0,,only current parser
AAL,capex,2016,5731000000.0,,only current parser
AAL,capex,2017,5971000000.0,,only current parser
AAL,capex,2018,3745000000.0,,only current parser
AAL,capex,2019,4268000000.0,,only current parser
AAL,capex,2020,1958000000.0,,only current parser
AAL,capex,2021,208000000.0,,only current parser
AAL,capex,2022,2546000000.0,,only current parser
AAL,capex,2023,2596000000.0,,only current parser
AAL,capex,2024,2683000000.0,,only current parser
AAL,capex,2025,3779000000.0,,only current parser
AAL,depreciation_amortisation,2008,1207000000.0,,only current parser
AAL,depreciation_amortisation,2009,1104000000.0,,only current parser
AAL,depreciation_amortisation,2010,1329000000.0,,only current parser
AAL,depreciation_amortisation,2014,1295000000.0,,only current parser
AAME,total_assets,2010,277566000.0,88000.0,DISAGREE
AAME,total_assets,2011,302125000.0,-598000.0,DISAGREE
AAME,total_assets,2012,320177000.0,233000.0,DISAGREE
AAME,total_assets,2013,319381000.0,-70000.0,DISAGREE
AAME,total_assets,2014,317008000.0,57000.0,DISAGREE
AAME,total_assets,2015,314603000.0,245000.0,DISAGREE
AAME,total_assets,2016,318600000.0,-19000.0,DISAGREE
AAME,total_assets,2017,343239000.0,-34000.0,DISAGREE
AAME,total_assets,2018,344274000.0,266000.0,DISAGREE
AAME,total_assets,2019,377626000.0,5005000.0,DISAGREE
AAME,total_assets,2020,405187000.0,-1931000.0,DISAGREE
AAME,total_assets,2021,402286000.0,1420000.0,DISAGREE
AAME,total_assets,2022,367064000.0,923000.0,DISAGREE
AAME,total_assets,2023,381265000.0,370000.0,DISAGREE
AAME,total_assets,2024,393428000.0,2856000.0,DISAGREE
AAME,total_equity,2009,77470000.0,,only current parser
AAME,total_equity,2010,82693000.0,,only current parser
AAME,total_equity,2011,96277000.0,,only current parser
AAME,total_equity,2012,105736000.0,,only current parser
AAME,total_equity,2013,100927000.0,,only current parser
AAME,total_equity,2014,104195000.0,,only current parser
AAME,total_equity,2015,102492000.0,,only current parser
AAME,total_equity,2016,105506000.0,,only current parser
AAME,total_equity,2017,112983000.0,,only current parser
AAME,total_equity,2018,101372000.0,,only current parser
AAME,total_equity,2019,118394000.0,,only current parser
AAME,total_equity,2020,145060000.0,,only current parser
AAME,total_equity,2021,141286000.0,,only current parser
AAME,total_equity,2022,102193000.0,,only current parser
AAME,total_equity,2023,107275000.0,,only current parser
AAME,total_equity,2024,99613000.0,,only current parser
AAME,depreciation_amortisation,2010,379000.0,,only current parser
AAME,depreciation_amortisation,2011,388000.0,,only current parser
AAME,depreciation_amortisation,2012,469000.0,,only current parser
AAME,depreciation_amortisation,2013,600000.0,,only current parser
AAME,depreciation_amortisation,2014,932000.0,,only current parser
AAME,depreciation_amortisation,2015,1117000.0,,only current parser
AAME,depreciation_amortisation,2016,1205000.0,,only current parser
AAME,depreciation_amortisation,2017,1438000.0,,only current parser
AAME,depreciation_amortisation,2018,987000.0,,only current parser
AAME,depreciation_amortisation,2019,996000.0,,only current parser
AAME,depreciation_amortisation,2020,980000.0,,only current parser
AAME,depreciation_amortisation,2021,1003000.0,,only current parser
AAME,depreciation_amortisation,2022,890000.0,,only current parser
AAME,depreciation_amortisation,2023,652000.0,,only current parser
AAME,depreciation_amortisation,2024,366000.0,,only current parser
AAOI,revenue,2011,47840000.0,,only current parser
AAOI,revenue,2012,63421000.0,,only current parser
AAOI,revenue,2013,78424000.0,,only current parser
AAOI,revenue,2014,130449000.0,,only current parser
AAOI,revenue,2015,189903000.0,,only current parser
AAOI,total_assets,2011,,46000.0,only EdgarTools
AAOI,total_assets,2012,65748000.0,60000.0,DISAGREE
AAOI,total_assets,2013,111057000.0,68000.0,DISAGREE
AAOI,total_assets,2014,183670000.0,400000.0,DISAGREE
AAOI,total_assets,2015,273475000.0,400000.0,DISAGREE
AAOI,total_assets,2016,322318000.0,500000.0,DISAGREE
AAOI,total_assets,2017,452948000.0,500000.0,DISAGREE
AAOI,total_assets,2018,466840000.0,500000.0,DISAGREE
AAOI,total_assets,2019,466825000.0,500000.0,DISAGREE
AAOI,total_assets,2020,480805000.0,500000.0,DISAGREE
AAOI,total_assets,2021,454459000.0,500000.0,DISAGREE
AAOI,total_assets,2022,408263000.0,600000.0,DISAGREE
AAOI,total_assets,2023,389186000.0,700000.0,DISAGREE
AAOI,total_assets,2024,547032000.0,400000.0,DISAGREE
AAOI,total_assets,2025,1168423000.0,400000.0,DISAGREE
AAOI,total_equity,2010,21041000.0,,only current parser
AAOI,total_equity,2011,20676000.0,,only current parser
AAOI,total_equity,2012,31008000.0,,only current parser
AAOI,total_equity,2013,63077000.0,,only current parser
AAOI,total_equity,2014,115012000.0,,only current parser
AAOI,total_equity,2015,165398000.0,,only current parser
AAOI,total_equity,2016,227384000.0,,only current parser
AAOI,total_equity,2017,333276000.0,,only current parser
AAOI,total_equity,2018,329094000.0,,only current parser
AAOI,total_equity,2019,273794000.0,,only current parser
AAOI,total_equity,2020,277891000.0,,only current parser
AAOI,total_equity,2021,254570000.0,,only current parser
AAOI,total_equity,2022,184670000.0,,only current parser
AAOI,total_equity,2023,214869000.0,,only current parser
AAOI,total_equity,2024,229112000.0,,only current parser
AAOI,total_equity,2025,733918000.0,,only current parser
AAOI,depreciation_amortisation,2011,3112000.0,,only current parser
AAOI,depreciation_amortisation,2012,2942000.0,,only current parser
AAOI,depreciation_amortisation,2013,3407000.0,,only current parser
AAOI,depreciation_amortisation,2014,6169000.0,,only current parser
AAOI,depreciation_amortisation,2015,9424000.0,,only current parser
AAOI,depreciation_amortisation,2016,14188000.0,,only current parser
AAOI,depreciation_amortisation,2017,20381000.0,,only current parser
AAOI,depreciation_amortisation,2018,29698000.0,,only current parser
AAOI,depreciation_amortisation,2019,24014000.0,,only current parser
AAOI,depreciation_amortisation,2020,24733000.0,,only current parser
AAOI,depreciation_amortisation,2021,25371000.0,,only current parser
AAOI,depreciation_amortisation,2022,23202000.0,,only current parser
AAOI,depreciation_amortisation,2023,20427000.0,,only current parser
AAOI,depreciation_amortisation,2024,20649000.0,,only current parser
AAOI,depreciation_amortisation,2025,27696000.0,,only current parser
AAON,revenue,2009,245282000.0,,only current parser
AAON,revenue,2010,244552000.0,,only current parser
AAON,revenue,2011,266220000.0,,only current parser
AAON,revenue,2012,303114000.0,,only current parser
AAON,revenue,2013,321140000.0,,only current parser
AAON,revenue,2014,356322000.0,,only current parser
AAON,revenue,2015,358632000.0,,only current parser
AAON,revenue,2016,383977000.0,,only current parser
AAON,revenue,2017,405232000.0,,only current parser
AAON,revenue,2018,433947000.0,,only current parser
AAON,revenue,2019,469333000.0,,only current parser
AAON,revenue,2020,514551000.0,,only current parser
AAON,revenue,2021,534517000.0,,only current parser
AAON,revenue,2022,888788000.0,,only current parser
AAON,revenue,2023,1168518000.0,,only current parser
AAON,revenue,2024,1200635000.0,,only current parser
AAON,revenue,2025,1442076000.0,,only current parser
AAON,total_assets,2009,,59000.0,only EdgarTools
AAON,total_assets,2010,160277000.0,73000.0,DISAGREE
AAON,total_assets,2011,178981000.0,-1802000.0,DISAGREE
AAON,total_assets,2012,193493000.0,-4000.0,DISAGREE
AAON,total_assets,2013,215444000.0,22000.0,DISAGREE
AAON,total_assets,2014,226974000.0,0.0,DISAGREE
AAON,total_assets,2015,232854000.0,0.0,DISAGREE
AAON,total_assets,2016,256530000.0,0.0,DISAGREE
AAON,total_assets,2017,306708000.0,0.0,DISAGREE
AAON,total_assets,2018,320034000.0,194000.0,DISAGREE
AAON,total_assets,2019,371424000.0,234000.0,DISAGREE
AAON,total_assets,2020,449008000.0,234000.0,DISAGREE
AAON,total_assets,2021,650180000.0,246000.0,DISAGREE
AAON,total_assets,2022,813903000.0,3599000.0,DISAGREE
AAON,total_assets,2023,941436000.0,5331000.0,DISAGREE
AAON,total_assets,2024,1175234000.0,8375000.0,DISAGREE
AAON,total_assets,2025,1686510000.0,6890000.0,DISAGREE
AAON,total_equity,2008,96522000.0,,only current parser
AAON,total_equity,2009,117999000.0,,only current parser
AAON,total_equity,2010,116739000.0,,only current parser
AAON,total_equity,2011,122504000.0,,only current parser
AAON,total_equity,2012,138136000.0,,only current parser
AAON,total_equity,2013,164106000.0,,only current parser
AAON,total_equity,2014,174059000.0,,only current parser
AAON,total_equity,2015,178918000.0,,only current parser
AAON,total_equity,2016,208410000.0,,only current parser
AAON,total_equity,2017,238925000.0,,only current parser
AAON,total_equity,2018,249443000.0,,only current parser
AAON,total_equity,2019,290140000.0,,only current parser
AAON,total_equity,2020,350865000.0,,only current parser
AAON,total_equity,2021,466170000.0,,only current parser
AAON,total_equity,2022,560714000.0,,only current parser
AAON,total_equity,2023,735224000.0,,only current parser
AAON,total_equity,2024,824582000.0,,only current parser
AAON,total_equity,2025,894985000.0,,only current parser
AAON,capex,2009,9774000.0,,only current parser
AAON,capex,2010,17470000.0,,only current parser
AAON,capex,2011,35914000.0,,only current parser
AAON,capex,2012,14147000.0,,only current parser
AAON,capex,2013,9041000.0,,only current parser
AAON,capex,2014,16127000.0,,only current parser
AAON,capex,2015,20967000.0,,only current parser
AAON,capex,2016,26604000.0,,only current parser
AAON,capex,2017,41713000.0,,only current parser
AAON,capex,2018,37268000.0,,only current parser
AAON,capex,2019,37166000.0,,only current parser
AAON,capex,2020,67802000.0,,only current parser
AAON,capex,2021,55362000.0,,only current parser
AAON,capex,2022,54024000.0,,only current parser
AAON,depreciation_amortisation,2009,9061000.0,,only current parser
AAON,depreciation_amortisation,2010,9886000.0,,only current parser
AAON,depreciation_amortisation,2011,11397000.0,,only current parser
AAON,depreciation_amortisation,2012,13407000.0,,only current parser
AAON,depreciation_amortisation,2013,12312000.0,,only current parser
AAON,depreciation_amortisation,2014,11553000.0,,only current parser
AAON,depreciation_amortisation,2015,11741000.0,,only current parser
AAP,revenue,2008,5142255000.0,,only current parser
AAP,revenue,2009,5412623000.0,,only current parser
AAP,revenue,2010,5925203000.0,,only current parser
AAP,revenue,2011,6170462000.0,,only current parser
AAP,revenue,2012,6205003000.0,,only current parser
AAP,revenue,2013,6493814000.0,,only current parser
AAP,revenue,2014,9843861000.0,,only current parser
AAP,revenue,2015,9737018000.0,,only current parser
AAP,net_income,2008,238038000.0,360000.0,DISAGREE
AAP,net_income,2013,391758000.0,428562000.0,DISAGREE
AAP,total_assets,2008,,-6178000.0,only EdgarTools
AAP,total_assets,2009,3072963000.0,-614000.0,DISAGREE
AAP,total_assets,2010,3354217000.0,13105000.0,DISAGREE
AAP,total_assets,2011,3655754000.0,-23073000.0,DISAGREE
AAP,total_assets,2012,4613814000.0,3635000.0,DISAGREE
AAP,total_assets,2013,5564774000.0,7974000.0,DISAGREE
AAP,total_assets,2014,7962358000.0,56499000.0,DISAGREE
AAP,total_assets,2015,8127701000.0,53100000.0,DISAGREE
AAP,total_assets,2016,8315033000.0,48000000.0,DISAGREE
AAP,total_assets,2017,8482301000.0,47400000.0,DISAGREE
AAP,total_assets,2018,9040648000.0,40700000.0,DISAGREE
AAP,total_assets,2019,11248525000.0,31700000.0,DISAGREE
AAP,total_assets,2020,11839636000.0,31600000.0,DISAGREE
AAP,total_assets,2021,12175777000.0,31100000.0,DISAGREE
AAP,total_assets,2022,11986447000.0,14900000.0,DISAGREE
AAP,total_assets,2023,12276326000.0,13000000.0,DISAGREE
AAP,total_assets,2024,10798000000.0,12000000.0,DISAGREE
AAP,total_assets,2025,11826000000.0,12000000.0,DISAGREE
AAP,total_equity,2007,1023795000.0,,only current parser
AAP,total_equity,2008,1075166000.0,430000.0,DISAGREE
AAP,total_equity,2009,1282365000.0,669000.0,DISAGREE
AAP,total_equity,2010,1039374000.0,78000.0,DISAGREE
AAP,total_equity,2011,847914000.0,81000.0,DISAGREE
AAP,total_equity,2012,1210694000.0,509000.0,DISAGREE
AAP,total_equity,2013,1516205000.0,29000.0,DISAGREE
AAP,total_equity,2014,2002912000.0,44000.0,DISAGREE
AAP,total_equity,2015,2460648000.0,35000.0,DISAGREE
AAP,total_equity,2016,2916192000.0,162000.0,DISAGREE
AAP,total_equity,2017,3415196000.0,-6508000.0,DISAGREE
AAP,total_equity,2018,3550813000.0,-809000.0,DISAGREE
AAP,total_equity,2019,3549081000.0,-386000.0,DISAGREE
AAP,total_equity,2020,3536961000.0,15000.0,DISAGREE
AAP,total_equity,2021,3081792000.0,4443000.0,DISAGREE
AAP,total_equity,2022,2599000000.0,3500000.0,DISAGREE
AAP,total_equity,2023,2520000000.0,-1000000.0,DISAGREE
AAP,total_equity,2024,2170000000.0,1000000.0,DISAGREE
AAP,total_equity,2025,2198000000.0,,only current parser
AAPL,revenue,2007,24006000000.0,,only current parser
AAPL,revenue,2008,37491000000.0,,only current parser
AAPL,revenue,2009,42905000000.0,,only current parser
AAPL,revenue,2010,65225000000.0,,only current parser
AAPL,revenue,2011,108249000000.0,,only current parser
AAPL,revenue,2012,156508000000.0,,only current parser
AAPL,revenue,2013,170910000000.0,,only current parser
AAPL,revenue,2014,182795000000.0,,only current parser
AAPL,revenue,2015,233715000000.0,,only current parser
AAPL,revenue,2019,260174000000.0,,only current parser
AAPL,revenue,2020,274515000000.0,,only current parser
AAPL,revenue,2021,365817000000.0,,only current parser
AAPL,revenue,2022,394328000000.0,,only current parser
AAPL,revenue,2023,383285000000.0,,only current parser
AAPL,revenue,2024,391035000000.0,,only current parser
AAPL,revenue,2025,416161000000.0,,only current parser
AAPL,total_assets,2007,,-285000000.0,only EdgarTools
AAPL,total_assets,2008,36171000000.0,46000000.0,DISAGREE
AAPL,total_assets,2009,47501000000.0,53000000.0,DISAGREE
AAPL,total_assets,2010,75183000000.0,69000000.0,DISAGREE
AAPL,total_assets,2011,116371000000.0,192000000.0,DISAGREE
AAPL,total_assets,2012,176064000000.0,605000000.0,DISAGREE
AAPL,total_assets,2013,207000000000.0,960000000.0,DISAGREE
AAPL,total_assets,2014,231839000000.0,1100000000.0,DISAGREE
AAPL,total_assets,2015,290345000000.0,1300000000.0,DISAGREE
AAPL,total_assets,2016,321686000000.0,-1055000000.0,DISAGREE
AAPL,total_assets,2017,375319000000.0,5318000000.0,DISAGREE
AAPL,total_assets,2018,365725000000.0,423000000.0,DISAGREE
AAPL,total_assets,2019,338516000000.0,-873000000.0,DISAGREE
AAPL,total_assets,2020,323888000000.0,9588000000.0,DISAGREE
AAPL,total_assets,2021,351002000000.0,8042000000.0,DISAGREE
AAPL,total_assets,2022,352755000000.0,6499000000.0,DISAGREE
AAPL,total_assets,2023,352583000000.0,5684000000.0,DISAGREE
AAPL,total_assets,2024,364980000000.0,11731000000.0,DISAGREE
AAPL,total_assets,2025,359241000000.0,9197000000.0,DISAGREE
AAPL,total_equity,2006,9984000000.0,,only current parser
AAPL,total_equity,2007,14531000000.0,,only current parser
AAPL,total_equity,2008,22297000000.0,,only current parser
AAPL,total_equity,2009,31640000000.0,,only current parser
AAPL,total_equity,2010,47791000000.0,,only current parser
AAPL,total_equity,2011,76615000000.0,,only current parser
AAPL,total_equity,2012,118210000000.0,,only current parser
AAPL,total_equity,2013,123549000000.0,,only current parser
AAPL,total_equity,2014,111547000000.0,,only current parser
AAPL,total_equity,2015,119355000000.0,,only current parser
AAPL,total_equity,2016,128249000000.0,,only current parser
AAPL,total_equity,2017,134047000000.0,,only current parser
AAPL,total_equity,2018,107147000000.0,,only current parser
AAPL,total_equity,2019,90488000000.0,,only current parser
AAPL,total_equity,2020,65339000000.0,,only current parser
AAPL,total_equity,2021,63090000000.0,,only current parser
AAPL,total_equity,2022,50672000000.0,,only current parser
AAPL,total_equity,2023,62146000000.0,,only current parser
AAPL,total_equity,2024,56950000000.0,,only current parser
AAPL,total_equity,2025,73733000000.0,,only current parser
AAPL,capex,2007,735000000.0,,only current parser
AAPL,capex,2008,1091000000.0,,only current parser
AAPL,capex,2009,1144000000.0,,only current parser
AAPL,capex,2010,2005000000.0,,only current parser
AAPL,capex,2011,4260000000.0,,only current parser
AAPL,capex,2012,8295000000.0,,only current parser
AAPL,depreciation_amortisation,2007,317000000.0,,only current parser
AAPL,depreciation_amortisation,2008,496000000.0,,only current parser
AAPL,depreciation_amortisation,2009,734000000.0,,only current parser
AAPL,depreciation_amortisation,2010,1027000000.0,,only current parser
AAPL,depreciation_amortisation,2011,1814000000.0,,only current parser
AAPL,depreciation_amortisation,2012,3277000000.0,,only current parser
AAPL,depreciation_amortisation,2013,6757000000.0,,only current parser
AAPL,depreciation_amortisation,2014,7946000000.0,,only current parser
AB,net_income,2010,134158000.0,442419000.0,DISAGREE
AB,net_income,2011,-93268000.0,-174768000.0,DISAGREE
AB,net_income,2012,51085000.0,188916000.0,DISAGREE
AB,net_income,2013,165502000.0,517676000.0,DISAGREE
AB,net_income,2014,178468000.0,563861000.0,DISAGREE
AB,net_income,2015,185764000.0,579927000.0,DISAGREE
AB,net_income,2016,216586000.0,673358000.0,DISAGREE
AB,net_income,2017,207422000.0,662403000.0,DISAGREE
AB,total_assets,2008,,-675000.0,only EdgarTools
AB,total_assets,2009,1800075000.0,-1387000.0,DISAGREE
AB,total_assets,2010,1787568000.0,-10000.0,DISAGREE
AB,total_assets,2011,1628984000.0,1072000.0,DISAGREE
AB,total_assets,2012,1566493000.0,4885000.0,DISAGREE
AB,total_assets,2013,1533654000.0,-5957000.0,DISAGREE
AB,total_assets,2014,1627892000.0,152000.0,DISAGREE
AB,total_assets,2015,1576120000.0,-152000.0,DISAGREE
AB,total_assets,2016,1540508000.0,0.0,DISAGREE
AB,total_assets,2017,1544704000.0,0.0,DISAGREE
AB,total_assets,2018,1490701000.0,0.0,DISAGREE
AB,total_assets,2019,1554264000.0,61000.0,DISAGREE
AB,total_assets,2020,1606033000.0,31000.0,DISAGREE
AB,total_assets,2021,1623764000.0,-92000.0,DISAGREE
AB,total_assets,2022,2074626000.0,1087218000.0,DISAGREE
AB,total_assets,2023,2077540000.0,0.0,DISAGREE
AB,total_assets,2024,2034632000.0,0.0,DISAGREE
AB,total_assets,2025,1240042000.0,,only current parser
ABAT,revenue,2024,343500.0,,only current parser
ABAT,revenue,2025,4290224.0,,only current parser
ABAT,total_assets,2012,33054.0,,only current parser
ABAT,total_assets,2013,22604.0,,only current parser
ABAT,total_assets,2014,22248.0,,only current parser
ABAT,total_assets,2015,10946.0,,only current parser
ABAT,total_assets,2016,90040.0,1031848.0,DISAGREE
ABAT,total_assets,2017,61641.0,,only current parser
ABAT,total_assets,2018,308769.0,143000.0,DISAGREE
ABAT,total_assets,2019,92694.0,0.0,DISAGREE
ABAT,total_assets,2020,1161314.0,,only current parser
ABAT,total_assets,2021,21263103.0,-1625555.0,DISAGREE
ABAT,total_assets,2022,52861989.0,1382301.0,DISAGREE
ABAT,total_assets,2023,74658652.0,12867968.0,DISAGREE
ABAT,total_assets,2024,77675132.0,8400000.0,DISAGREE
ABAT,total_assets,2025,84457791.0,9543032.0,DISAGREE
ABAT,total_equity,2012,32119.0,,only current parser
ABAT,total_equity,2013,-9334.0,,only current parser
ABAT,total_equity,2014,-52732.0,,only current parser
ABAT,total_equity,2015,-90720.0,,only current parser
ABAT,total_equity,2016,-543993.0,,only current parser
ABAT,total_equity,2017,-1266005.0,0.0,DISAGREE
ABAT,total_equity,2018,-2432512.0,7500.0,DISAGREE
ABAT,total_equity,2019,-4787462.0,,only current parser
ABAT,total_equity,2020,-4940504.0,,only current parser
ABAT,total_equity,2021,19440605.0,,only current parser
ABAT,total_equity,2022,49634059.0,,only current parser
ABAT,total_equity,2023,60869484.0,,only current parser
ABAT,total_equity,2024,61467640.0,,only current parser
ABAT,total_equity,2025,70599023.0,,only current parser
ABAT,operating_cash_flow,2019,-3432069.0,-3233467.0,DISAGREE
ABAT,depreciation_amortisation,2021,14668.0,,only current parser
ABAT,depreciation_amortisation,2022,47262.0,,only current parser
ABAT,depreciation_amortisation,2023,96681.0,,only current parser
ABAT,diluted_shares,2021,498296667.0,,only current parser
ABBV,revenue,2011,17444000000.0,,only current parser
ABBV,revenue,2012,18380000000.0,,only current parser
ABBV,revenue,2013,18790000000.0,,only current parser
ABBV,revenue,2014,19960000000.0,,only current parser
ABBV,revenue,2015,22859000000.0,,only current parser
ABBV,net_income,2023,4863000000.0,2862000000.0,DISAGREE
ABBV,net_income,2024,4278000000.0,4564000000.0,DISAGREE
ABBV,total_assets,2011,,764000000.0,only EdgarTools
ABBV,total_assets,2012,27008000000.0,625000000.0,DISAGREE
ABBV,total_assets,2013,29198000000.0,509000000.0,DISAGREE
ABBV,total_assets,2014,27513000000.0,403000000.0,DISAGREE
ABBV,total_assets,2015,53050000000.0,419000000.0,DISAGREE
ABBV,total_assets,2016,66099000000.0,764000000.0,DISAGREE
ABBV,total_assets,2017,70786000000.0,1076000000.0,DISAGREE
ABBV,total_assets,2018,59352000000.0,1294000000.0,DISAGREE
ABBV,total_assets,2019,89115000000.0,1553000000.0,DISAGREE
ABBV,total_assets,2020,150565000000.0,5805000000.0,DISAGREE
ABBV,total_assets,2021,146529000000.0,7718000000.0,DISAGREE
ABBV,total_assets,2022,138805000000.0,7689000000.0,DISAGREE
ABBV,total_assets,2023,134711000000.0,7946000000.0,DISAGREE
ABBV,total_assets,2024,135161000000.0,7622000000.0,DISAGREE
ABBV,total_assets,2025,133960000000.0,7377000000.0,DISAGREE
ABBV,total_equity,2012,-350000000.0,,only current parser
ABBV,total_equity,2013,4492000000.0,,only current parser
ABBV,total_equity,2014,1742000000.0,,only current parser
ABBV,total_equity,2015,3945000000.0,,only current parser
ABBV,total_equity,2016,4636000000.0,,only current parser
ABBV,total_equity,2017,5097000000.0,,only current parser
ABBV,total_equity,2018,-8446000000.0,,only current parser
ABBV,total_equity,2019,-8172000000.0,,only current parser
ABBV,total_equity,2020,13076000000.0,,only current parser
ABBV,total_equity,2021,15408000000.0,,only current parser
ABBV,total_equity,2022,17254000000.0,,only current parser
ABBV,total_equity,2023,10360000000.0,,only current parser
ABBV,total_equity,2024,3325000000.0,,only current parser
ABBV,total_equity,2025,-3270000000.0,,only current parser
ABBV,depreciation_amortisation,2011,508000000.0,,only current parser
ABBV,depreciation_amortisation,2012,525000000.0,,only current parser
ABBV,depreciation_amortisation,2013,388000000.0,,only current parser
ABBV,depreciation_amortisation,2014,383000000.0,,only current parser
ABBV,depreciation_amortisation,2015,417000000.0,,only current parser
ABBV,depreciation_amortisation,2016,425000000.0,,only current parser
ABBV,depreciation_amortisation,2017,425000000.0,,only current parser
ABBV,depreciation_amortisation,2018,471000000.0,,only current parser
ABBV,depreciation_amortisation,2019,464000000.0,,only current parser
ABBV,depreciation_amortisation,2020,666000000.0,,only current parser
ABBV,depreciation_amortisation,2021,803000000.0,,only current parser
ABBV,depreciation_amortisation,2022,778000000.0,,only current parser
ABBV,depreciation_amortisation,2023,752000000.0,,only current parser
ABBV,depreciation_amortisation,2024,764000000.0,,only current parser
ABBV,depreciation_amortisation,2025,762000000.0,,only current parser
ABCB,net_income,2009,-41789000.0,65737000.0,DISAGREE
ABCB,net_income,2010,-3989000.0,48999000.0,DISAGREE
ABCB,net_income,2011,21093000.0,25073000.0,DISAGREE
ABCB,net_income,2012,14435000.0,-10233000.0,DISAGREE
ABCB,net_income,2017,73548000.0,138359000.0,DISAGREE
ABCB,net_income,2018,121027000.0,196352000.0,DISAGREE
ABCB,total_assets,2009,,617000.0,only EdgarTools
ABCB,total_assets,2010,2972168000.0,999000.0,DISAGREE
ABCB,total_assets,2011,2994307000.0,1011000.0,DISAGREE
ABCB,total_assets,2012,3019052000.0,1359000.0,DISAGREE
ABCB,total_assets,2013,3667649000.0,1414000.0,DISAGREE
ABCB,total_assets,2014,4037077000.0,2330000.0,DISAGREE
ABCB,total_assets,2015,5588940000.0,3741000.0,DISAGREE
ABCB,total_assets,2016,6892031000.0,4376000.0,DISAGREE
ABCB,total_assets,2017,7856203000.0,3932000.0,DISAGREE
ABCB,total_assets,2018,11443515000.0,9512000.0,DISAGREE
ABCB,total_assets,2019,18242579000.0,17713000.0,DISAGREE
ABCB,total_assets,2020,20438638000.0,19612000.0,DISAGREE
ABCB,total_assets,2021,23858321000.0,14965000.0,DISAGREE
ABCB,total_assets,2022,25053286000.0,19744000.0,DISAGREE
ABCB,total_assets,2023,25203699000.0,18244000.0,DISAGREE
ABCB,total_assets,2024,26262050000.0,17189000.0,DISAGREE
ABCB,total_assets,2025,27515879000.0,15937000.0,DISAGREE
ABCB,total_equity,2009,194964000.0,,only current parser
ABCB,total_equity,2010,273407000.0,,only current parser
ABCB,total_equity,2011,293770000.0,,only current parser
ABCB,total_equity,2012,279017000.0,,only current parser
ABCB,total_equity,2013,316699000.0,,only current parser
ABCB,total_equity,2014,366028000.0,,only current parser
ABCB,total_equity,2015,514759000.0,,only current parser
ABCB,total_equity,2016,646437000.0,,only current parser
ABCB,total_equity,2017,804479000.0,,only current parser
ABCB,total_equity,2018,1456347000.0,,only current parser
ABCB,total_equity,2019,2469582000.0,,only current parser
ABCB,total_equity,2020,2647088000.0,,only current parser
ABCB,total_equity,2021,2966451000.0,,only current parser
ABCB,total_equity,2022,3197400000.0,,only current parser
ABCB,total_equity,2023,3426747000.0,,only current parser
ABCB,total_equity,2024,3751522000.0,,only current parser
ABCB,total_equity,2025,4076028000.0,,only current parser
ABCB,operating_cash_flow,2012,32239000.0,-7828000.0,DISAGREE
ABCB,operating_cash_flow,2013,33637000.0,21849000.0,DISAGREE
ABCB,depreciation_amortisation,2009,3621000.0,,only current parser
ABCB,depreciation_amortisation,2010,3330000.0,,only current parser
ABCB,depreciation_amortisation,2011,4379000.0,,only current parser
ABCB,depreciation_amortisation,2012,5032000.0,,only current parser
ABCB,depreciation_amortisation,2013,4938000.0,,only current parser
ABCB,depreciation_amortisation,2014,6642000.0,,only current parser
ABCB,depreciation_amortisation,2015,8058000.0,,only current parser
ABCB,depreciation_amortisation,2016,9519000.0,,only current parser
ABCB,depreciation_amortisation,2017,9196000.0,,only current parser
ABCB,depreciation_amortisation,2018,10014000.0,,only current parser
ABCB,depreciation_amortisation,2019,13120000.0,,only current parser
ABCB,depreciation_amortisation,2020,15759000.0,,only current parser
ABCB,depreciation_amortisation,2021,17225000.0,,only current parser
ABCB,depreciation_amortisation,2022,40987000.0,,only current parser
ABCB,depreciation_amortisation,2023,34570000.0,,only current parser
ABCB,depreciation_amortisation,2024,36798000.0,,only current parser
ABCB,depreciation_amortisation,2025,29655000.0,,only current parser
ABEO,revenue,2010,481000.0,,only current parser
ABEO,revenue,2011,1839000.0,,only current parser
ABEO,revenue,2012,4404000.0,,only current parser
ABEO,revenue,2013,2042000.0,,only current parser
ABEO,revenue,2014,925000.0,,only current parser
ABEO,revenue,2015,1040000.0,,only current parser
ABEO,revenue,2020,10000000.0,,only current parser
ABEO,revenue,2021,3000000.0,,only current parser
ABEO,revenue,2022,1414000.0,,only current parser
ABEO,revenue,2023,3500000.0,,only current parser
ABEO,revenue,2025,5820000.0,,only current parser
ABEO,net_income,2023,-54188000.0,54188000.0,DISAGREE
ABEO,net_income,2024,-63734000.0,63734000.0,DISAGREE
ABEO,net_income,2025,71183000.0,-71183000.0,DISAGREE
ABEO,total_assets,2010,8771000.0,28000.0,DISAGREE
ABEO,total_assets,2011,3785000.0,212000.0,DISAGREE
ABEO,total_assets,2012,1730000.0,-17000.0,DISAGREE
ABEO,total_assets,2013,613000.0,0.0,DISAGREE
ABEO,total_assets,2014,16582000.0,9000.0,DISAGREE
ABEO,total_assets,2015,80055000.0,538000.0,DISAGREE
ABEO,total_assets,2016,111058000.0,677000.0,DISAGREE
ABEO,total_assets,2017,178766000.0,500000.0,DISAGREE
ABEO,total_assets,2018,174399000.0,1200000.0,DISAGREE
ABEO,total_assets,2019,223382000.0,5200000.0,DISAGREE
ABEO,total_assets,2020,151198000.0,1400000.0,DISAGREE
ABEO,total_assets,2021,79586000.0,7000.0,DISAGREE
ABEO,total_assets,2022,64214000.0,-125000.0,DISAGREE
ABEO,total_assets,2023,64002000.0,234000.0,DISAGREE
ABEO,total_assets,2024,108931000.0,-181000.0,DISAGREE
ABEO,total_assets,2025,219570000.0,685000.0,DISAGREE
ABEO,total_equity,2010,-20795000.0,,only current parser
ABEO,total_equity,2011,-17606000.0,,only current parser
ABEO,total_equity,2012,-17076000.0,,only current parser
ABEO,total_equity,2013,-14779000.0,,only current parser
ABEO,total_equity,2014,4816000.0,,only current parser
ABEO,total_equity,2015,67721000.0,,only current parser
ABEO,total_equity,2016,99098000.0,,only current parser
ABEO,total_equity,2017,170098000.0,,only current parser
ABEO,total_equity,2018,134045000.0,,only current parser
ABEO,total_equity,2019,178430000.0,,only current parser
ABEO,total_equity,2020,102551000.0,,only current parser
ABEO,total_equity,2021,42368000.0,,only current parser
ABEO,total_equity,2022,26761000.0,,only current parser
ABEO,total_equity,2023,14826000.0,,only current parser
ABEO,total_equity,2024,44031000.0,,only current parser
ABEO,total_equity,2025,159216000.0,,only current parser
ABEO,diluted_shares,2015,27597434.0,,only current parser
ABEO,diluted_shares,2016,34180253.0,,only current parser
ABEO,diluted_shares,2021,3937676.0,,only current parser
ABG,revenue,2017,786100000.0,6456500000.0,DISAGREE
ABG,operating_income,2010,122500000.0,7300000.0,DISAGREE
ABG,operating_income,2011,131200000.0,100000.0,DISAGREE
ABG,operating_income,2012,185900000.0,-3700000.0,DISAGREE
ABG,total_assets,2009,,44300000.0,only EdgarTools
ABG,total_assets,2010,1486300000.0,2100000.0,DISAGREE
ABG,total_assets,2011,1419400000.0,36600000.0,DISAGREE
ABG,total_assets,2012,1661400000.0,65500000.0,DISAGREE
ABG,total_assets,2013,1888600000.0,-3100000.0,DISAGREE
ABG,total_assets,2014,2182000000.0,-1200000.0,DISAGREE
ABG,total_assets,2015,2294100000.0,-1200000.0,DISAGREE
ABG,total_assets,2016,2336100000.0,-400000.0,DISAGREE
ABG,total_assets,2017,2356700000.0,-2100000.0,DISAGREE
ABG,total_assets,2018,2695400000.0,-900000.0,DISAGREE
ABG,total_assets,2019,2911300000.0,-2600000.0,DISAGREE
ABG,total_assets,2020,3676300000.0,23000000.0,DISAGREE
ABG,total_assets,2021,8002600000.0,0.0,DISAGREE
ABG,total_assets,2022,8021400000.0,0.0,DISAGREE
ABG,total_assets,2023,10159400000.0,117200000.0,DISAGREE
ABG,total_assets,2024,10337000000.0,149500000.0,DISAGREE
ABG,total_assets,2025,11618200000.0,141000000.0,DISAGREE
ABG,total_equity,2008,226600000.0,,only current parser
ABG,total_equity,2009,243600000.0,,only current parser
ABG,total_equity,2010,287100000.0,,only current parser
ABG,total_equity,2011,326600000.0,,only current parser
ABG,total_equity,2012,402800000.0,,only current parser
ABG,total_equity,2013,490600000.0,,only current parser
ABG,total_equity,2014,444900000.0,,only current parser
ABG,total_equity,2015,314500000.0,,only current parser
ABG,total_equity,2016,279700000.0,,only current parser
ABG,total_equity,2017,394200000.0,,only current parser
ABG,total_equity,2018,473200000.0,,only current parser
ABG,total_equity,2019,646300000.0,,only current parser
ABG,total_equity,2020,905500000.0,,only current parser
ABG,total_equity,2021,2115500000.0,,only current parser
ABG,total_equity,2022,2903500000.0,,only current parser
ABG,total_equity,2023,3244100000.0,,only current parser
ABG,total_equity,2024,3502100000.0,,only current parser
ABG,total_equity,2025,3891900000.0,,only current parser
ABG,capex,2021,74200000.0,,only current parser
ABG,capex,2022,94600000.0,,only current parser
ABG,capex,2023,142300000.0,,only current parser
ABT,revenue,2007,25914238000.0,,only current parser
ABT,revenue,2008,29527552000.0,,only current parser
ABT,revenue,2009,30764707000.0,,only current parser
ABT,revenue,2010,35166721000.0,,only current parser
ABT,revenue,2011,21407000000.0,,only current parser
ABT,revenue,2012,19050000000.0,,only current parser
ABT,revenue,2013,19657000000.0,,only current parser
ABT,revenue,2014,20247000000.0,,only current parser
ABT,revenue,2015,20405000000.0,,only current parser
ABT,net_income,2007,3606314000.0,,only current parser
ABT,net_income,2008,4880719000.0,,only current parser
ABT,total_assets,2007,39713924000.0,782031000.0,DISAGREE
ABT,total_assets,2008,42419204000.0,787101000.0,DISAGREE
ABT,total_assets,2009,52581623000.0,878533000.0,DISAGREE
ABT,total_assets,2010,60573852000.0,1416855000.0,DISAGREE
ABT,total_assets,2011,60277000000.0,1649000000.0,DISAGREE
ABT,total_assets,2012,67235000000.0,1419000000.0,DISAGREE
ABT,total_assets,2013,42937000000.0,791000000.0,DISAGREE
ABT,total_assets,2014,41207000000.0,630000000.0,DISAGREE
ABT,total_assets,2015,41247000000.0,601000000.0,DISAGREE
ABT,total_assets,2016,52666000000.0,550000000.0,DISAGREE
ABT,total_assets,2017,76250000000.0,1975000000.0,DISAGREE
ABT,total_assets,2018,67173000000.0,2178000000.0,DISAGREE
ABT,total_assets,2019,67887000000.0,1936000000.0,DISAGREE
ABT,total_assets,2020,72548000000.0,2132000000.0,DISAGREE
ABT,total_assets,2021,75196000000.0,2047000000.0,DISAGREE
ABT,total_assets,2022,74438000000.0,2013000000.0,DISAGREE
ABT,total_assets,2023,73214000000.0,1966000000.0,DISAGREE
ABT,total_assets,2024,81414000000.0,1878000000.0,DISAGREE
ABT,total_assets,2025,86713000000.0,1682000000.0,DISAGREE
ABT,total_equity,2006,14054186000.0,,only current parser
ABT,total_equity,2007,17778540000.0,,only current parser
ABT,total_equity,2008,17479551000.0,,only current parser
ABT,total_equity,2009,23144294000.0,,only current parser
ABT,total_equity,2010,22676802000.0,,only current parser
ABT,total_equity,2011,24439833000.0,,only current parser
ABT,total_equity,2012,26721000000.0,,only current parser
ABT,total_equity,2013,25171000000.0,,only current parser
ABT,total_equity,2014,21526000000.0,,only current parser
ABT,total_equity,2015,21211000000.0,,only current parser
ABT,total_equity,2016,20538000000.0,,only current parser
ABT,total_equity,2017,30897000000.0,,only current parser
ABT,total_equity,2018,30524000000.0,,only current parser
ABT,total_equity,2019,31088000000.0,,only current parser
ABT,total_equity,2020,32784000000.0,,only current parser
ABT,total_equity,2021,35802000000.0,,only current parser
ABT,total_equity,2022,36686000000.0,,only current parser
ABT,total_equity,2023,38603000000.0,,only current parser
ABT,total_equity,2024,47664000000.0,,only current parser
ABT,total_equity,2025,52130000000.0,,only current parser
ABT,depreciation_amortisation,2007,1072855000.0,,only current parser
ABT,depreciation_amortisation,2008,1051728000.0,,only current parser
ABT,depreciation_amortisation,2009,1210977000.0,,only current parser
ABT,depreciation_amortisation,2010,1207450000.0,,only current parser
ABT,depreciation_amortisation,2011,1395000000.0,,only current parser
ABT,depreciation_amortisation,2012,1363000000.0,,only current parser
ABT,depreciation_amortisation,2013,928000000.0,,only current parser
ABT,depreciation_amortisation,2014,918000000.0,,only current parser
ABT,depreciation_amortisation,2015,871000000.0,,only current parser
ABT,depreciation_amortisation,2016,803000000.0,,only current parser
ABT,depreciation_amortisation,2017,1046000000.0,,only current parser
ABT,depreciation_amortisation,2018,1100000000.0,,only current parser
ABT,depreciation_amortisation,2019,1078000000.0,,only current parser
ABT,depreciation_amortisation,2020,1195000000.0,,only current parser
ABT,depreciation_amortisation,2021,1491000000.0,,only current parser
ABT,depreciation_amortisation,2022,1254000000.0,,only current parser
ABT,depreciation_amortisation,2023,1277000000.0,,only current parser
ABT,depreciation_amortisation,2024,1340000000.0,,only current parser
ABT,depreciation_amortisation,2025,1434000000.0,,only current parser
ABUS,revenue,2009,,14428416.0,only EdgarTools
ABUS,revenue,2010,,21354739.0,only EdgarTools
ABUS,operating_income,2009,,-8477162.0,only EdgarTools
ABUS,operating_income,2010,,-12515312.0,only EdgarTools
ABUS,net_income,2009,,-8749157.0,only EdgarTools
ABUS,net_income,2010,,-12415480.0,only EdgarTools
ABUS,total_assets,2009,,126621.0,only EdgarTools
ABUS,total_assets,2010,,2880000.0,only EdgarTools
ABUS,total_assets,2011,,-1622445.0,only EdgarTools
ABUS,total_assets,2012,,798.0,only EdgarTools
ABUS,total_assets,2013,71716000.0,0.0,DISAGREE
ABUS,total_assets,2014,118178000.0,0.0,DISAGREE
ABUS,total_assets,2015,712291000.0,39007000.0,DISAGREE
ABUS,total_assets,2016,275919000.0,253197000.0,DISAGREE
ABUS,total_assets,2017,237161000.0,40798000.0,DISAGREE
ABUS,total_assets,2018,227905000.0,14811000.0,DISAGREE
ABUS,total_assets,2019,105535000.0,43836000.0,DISAGREE
ABUS,total_assets,2020,137080000.0,12033000.0,DISAGREE
ABUS,total_assets,2021,204485000.0,15928000.0,DISAGREE
ABUS,total_assets,2022,195419000.0,14563000.0,DISAGREE
ABUS,total_assets,2023,144401000.0,18425000.0,DISAGREE
ABUS,total_assets,2024,131707000.0,11748000.0,DISAGREE
ABUS,total_assets,2025,94618000.0,-1698000.0,DISAGREE
ABUS,total_equity,2010,10790534.0,,only current parser
ABUS,total_equity,2011,5228000.0,,only current parser
ABUS,total_equity,2012,40919000.0,,only current parser
ABUS,total_equity,2013,59194000.0,,only current parser
ABUS,total_equity,2014,88035000.0,,only current parser
ABUS,total_equity,2015,547679000.0,,only current parser
ABUS,total_equity,2016,203005000.0,,only current parser
ABUS,total_equity,2017,182473000.0,,only current parser
ABUS,total_equity,2018,200234000.0,,only current parser
ABUS,total_equity,2019,72744000.0,,only current parser
ABUS,total_equity,2020,101966000.0,,only current parser
ABUS,total_equity,2021,169439000.0,,only current parser
ABUS,total_equity,2022,136852000.0,,only current parser
ABUS,total_equity,2023,106018000.0,,only current parser
ABUS,total_equity,2024,97366000.0,,only current parser
ABUS,total_equity,2025,76576000.0,,only current parser
ABUS,operating_cash_flow,2009,,-5533745.0,only EdgarTools
ABUS,operating_cash_flow,2010,,-11248508.0,only EdgarTools
ABUS,capex,2009,,1699508.0,only EdgarTools
ABUS,capex,2010,,830948.0,only EdgarTools
ABUS,depreciation_amortisation,2011,986932.0,,only current parser
ABUS,depreciation_amortisation,2012,866000.0,,only current parser
ABUS,depreciation_amortisation,2013,613000.0,,only current parser
ABUS,depreciation_amortisation,2014,529000.0,,only current parser
ABUS,depreciation_amortisation,2015,589000.0,,only current parser
ABUS,depreciation_amortisation,2016,1092000.0,,only current parser
ABUS,depreciation_amortisation,2017,2027000.0,,only current parser
ABUS,depreciation_amortisation,2018,2181000.0,,only current parser
ABUS,depreciation_amortisation,2019,2028000.0,,only current parser
ABUS,depreciation_amortisation,2020,1978000.0,,only current parser
ABUS,depreciation_amortisation,2021,1753000.0,,only current parser
ABUS,depreciation_amortisation,2022,1427000.0,,only current parser
ABUS,depreciation_amortisation,2023,1404000.0,,only current parser
ABUS,depreciation_amortisation,2024,1380000.0,,only current parser
ABUS,depreciation_amortisation,2025,363000.0,,only current parser
ABUS,diluted_shares,2010,,10332941.0,only EdgarTools
ABVC,revenue,2010,,14860.0,only EdgarTools
ABVC,revenue,2015,50000000.0,3360.0,DISAGREE
ABVC,revenue,2024,0.0,509589.0,DISAGREE
ABVC,revenue,2025,296000.0,,only current parser
ABVC,operating_income,2010,,-1889473.0,only EdgarTools
ABVC,net_income,2010,,-1901060.0,only EdgarTools
ABVC,total_assets,2010,,-9968.0,only EdgarTools
ABVC,total_assets,2011,369396.0,8928.0,DISAGREE
ABVC,total_assets,2012,302308.0,19196.0,DISAGREE
ABVC,total_assets,2013,231969.0,0.0,DISAGREE
ABVC,total_assets,2014,65389.0,0.0,DISAGREE
ABVC,total_assets,2015,1002460.0,0.0,DISAGREE
ABVC,total_assets,2016,177352.0,-0.0384,DISAGREE
ABVC,total_assets,2017,2643332.0,-0.2284,DISAGREE
ABVC,total_assets,2018,5940124.0,-396025.0,DISAGREE
ABVC,total_assets,2019,6927811.0,27617.0,DISAGREE
ABVC,total_assets,2020,11606705.0,15778.0,DISAGREE
ABVC,total_assets,2021,13698033.0,33520.0,DISAGREE
ABVC,total_assets,2022,9579574.0,-238092.0,DISAGREE
ABVC,total_assets,2023,7784499.0,6708100.0,DISAGREE
ABVC,total_assets,2024,7539907.0,-12948.0,DISAGREE
ABVC,total_assets,2025,21062203.0,71653.0,DISAGREE
ABVC,total_equity,2010,-2993817.0,,only current parser
ABVC,total_equity,2011,-1463673.0,,only current parser
ABVC,total_equity,2012,-1643778.0,,only current parser
ABVC,total_equity,2013,-1880174.0,,only current parser
ABVC,total_equity,2014,31359.0,,only current parser
ABVC,total_equity,2015,897001.0,,only current parser
ABVC,total_equity,2016,-6519455.0,,only current parser
ABVC,total_equity,2017,-1756915.0,,only current parser
ABVC,total_equity,2018,-5657996.0,,only current parser
ABVC,total_equity,2019,-150964.0,,only current parser
ABVC,total_equity,2020,3438340.0,,only current parser
ABVC,total_equity,2021,8843653.0,,only current parser
ABVC,total_equity,2022,3098585.0,,only current parser
ABVC,total_equity,2023,1554110.0,,only current parser
ABVC,total_equity,2024,1226140.0,,only current parser
ABVC,total_equity,2025,11111861.0,,only current parser
ABVC,operating_cash_flow,2010,,-1047235.0,only EdgarTools
ABVC,capex,2010,,-1400.0,only EdgarTools
ABVC,depreciation_amortisation,2011,34179.0,,only current parser
ABVC,depreciation_amortisation,2012,33049.0,,only current parser
ABVC,depreciation_amortisation,2013,23859.0,,only current parser
ABVC,depreciation_amortisation,2018,43610.0,,only current parser
ABVC,depreciation_amortisation,2019,55086.0,,only current parser
ABVC,depreciation_amortisation,2020,37142.0,,only current parser
ABVC,depreciation_amortisation,2023,28531.0,,only current parser
ABVC,depreciation_amortisation,2024,32025.0,,only current parser
ABVC,depreciation_amortisation,2025,25330.0,,only current parser
ABVC,diluted_shares,2014,11144.0,,only current parser
ABVC,diluted_shares,2015,5000929.0,,only current parser
ACA,total_assets,2016,1526300000.0,5300000.0,DISAGREE
ACA,total_assets,2017,1602500000.0,5000000.0,DISAGREE
ACA,total_assets,2018,2172200000.0,4700000.0,DISAGREE
ACA,total_assets,2019,2302500000.0,3400000.0,DISAGREE
ACA,total_assets,2020,2646700000.0,12600000.0,DISAGREE
ACA,total_assets,2021,3188100000.0,18100000.0,DISAGREE
ACA,total_assets,2022,3340600000.0,19700000.0,DISAGREE
ACA,total_assets,2023,3577900000.0,20900000.0,DISAGREE
ACA,total_assets,2024,4915500000.0,26300000.0,DISAGREE
ACA,total_assets,2025,4985200000.0,26900000.0,DISAGREE
ACA,total_equity,2015,1368300000.0,,only current parser
ACA,total_equity,2016,1341800000.0,,only current parser
ACA,total_equity,2017,1407900000.0,,only current parser
ACA,total_equity,2018,1684500000.0,,only current parser
ACA,total_equity,2019,1790400000.0,5200000.0,DISAGREE
ACA,total_equity,2020,1892200000.0,-800000.0,DISAGREE
ACA,total_equity,2021,1953300000.0,,only current parser
ACA,total_equity,2022,2184400000.0,,only current parser
ACA,total_equity,2023,2332000000.0,,only current parser
ACA,total_equity,2024,2428200000.0,,only current parser
ACA,total_equity,2025,2641400000.0,,only current parser
ACAD,revenue,2024,957797000.0,,only current parser
ACAD,revenue,2025,1071505000.0,,only current parser
ACAD,net_income,2022,-215975000.0,-214000000.0,DISAGREE
ACAD,total_assets,2009,,-47000.0,only EdgarTools
ACAD,total_assets,2010,38394000.0,-6080000.0,DISAGREE
ACAD,total_assets,2011,32114000.0,8820000.0,DISAGREE
ACAD,total_assets,2012,108590000.0,252000.0,DISAGREE
ACAD,total_assets,2013,189118000.0,10000.0,DISAGREE
ACAD,total_assets,2014,325458000.0,0.0,DISAGREE
ACAD,total_assets,2015,221896000.0,0.0,DISAGREE
ACAD,total_assets,2016,561153000.0,985000.0,DISAGREE
ACAD,total_assets,2017,384506000.0,1477000.0,DISAGREE
ACAD,total_assets,2018,540202000.0,1476000.0,DISAGREE
ACAD,total_assets,2019,783183000.0,1477000.0,DISAGREE
ACAD,total_assets,2020,782616000.0,1477000.0,DISAGREE
ACAD,total_assets,2021,700122000.0,1108000.0,DISAGREE
ACAD,total_assets,2022,587812000.0,0.0,DISAGREE
ACAD,total_assets,2023,748956000.0,4093000.0,DISAGREE
ACAD,total_assets,2024,1187756000.0,14963000.0,DISAGREE
ACAD,total_assets,2025,1564195000.0,10889000.0,DISAGREE
ACAD,total_equity,2008,52992000.0,,only current parser
ACAD,total_equity,2009,12114000.0,,only current parser
ACAD,total_equity,2010,29688000.0,,only current parser
ACAD,total_equity,2011,23362000.0,,only current parser
ACAD,total_equity,2012,84984000.0,,only current parser
ACAD,total_equity,2013,182131000.0,,only current parser
ACAD,total_equity,2014,309489000.0,,only current parser
ACAD,total_equity,2015,199762000.0,,only current parser
ACAD,total_equity,2016,518411000.0,,only current parser
ACAD,total_equity,2017,335285000.0,,only current parser
ACAD,total_equity,2018,479079000.0,,only current parser
ACAD,total_equity,2019,699135000.0,,only current parser
ACAD,total_equity,2020,627009000.0,,only current parser
ACAD,total_equity,2021,540894000.0,,only current parser
ACAD,total_equity,2022,400413000.0,,only current parser
ACAD,total_equity,2023,431755000.0,,only current parser
ACAD,total_equity,2024,732793000.0,,only current parser
ACAD,total_equity,2025,1227390000.0,,only current parser
ACAD,depreciation_amortisation,2009,1111000.0,,only current parser
ACAD,depreciation_amortisation,2010,607000.0,,only current parser
ACAD,depreciation_amortisation,2011,285000.0,,only current parser
ACAD,depreciation_amortisation,2012,109000.0,,only current parser
ACAD,depreciation_amortisation,2013,79000.0,,only current parser
ACAD,depreciation_amortisation,2014,206000.0,,only current parser
ACAD,depreciation_amortisation,2015,647000.0,,only current parser
ACAD,depreciation_amortisation,2016,843000.0,,only current parser
ACAD,depreciation_amortisation,2017,1236000.0,,only current parser
ACAD,depreciation_amortisation,2018,1529000.0,,only current parser
ACAD,depreciation_amortisation,2019,1289000.0,,only current parser
ACAD,depreciation_amortisation,2020,1455000.0,,only current parser
ACAD,depreciation_amortisation,2021,2236000.0,,only current parser
ACAD,depreciation_amortisation,2022,2026000.0,,only current parser
ACAD,depreciation_amortisation,2023,1459000.0,,only current parser
ACAD,depreciation_amortisation,2024,920000.0,,only current parser
ACAD,depreciation_amortisation,2025,871000.0,,only current parser
ACCO,revenue,2009,1233300000.0,,only current parser
ACCO,revenue,2010,1284600000.0,,only current parser
ACCO,revenue,2011,1318400000.0,,only current parser
ACCO,revenue,2012,1758500000.0,,only current parser
ACCO,revenue,2013,1765100000.0,,only current parser
ACCO,revenue,2014,1689200000.0,,only current parser
ACCO,revenue,2015,1510400000.0,,only current parser
ACCO,total_assets,2009,,7100000.0,only EdgarTools
ACCO,total_assets,2010,1149600000.0,6700000.0,DISAGREE
ACCO,total_assets,2011,1116700000.0,6300000.0,DISAGREE
ACCO,total_assets,2012,2507700000.0,19900000.0,DISAGREE
ACCO,total_assets,2013,2382900000.0,24700000.0,DISAGREE
ACCO,total_assets,2014,2215100000.0,22200000.0,DISAGREE
ACCO,total_assets,2015,1953400000.0,19600000.0,DISAGREE
ACCO,total_assets,2016,2064500000.0,21600000.0,DISAGREE
ACCO,total_assets,2017,2799100000.0,35600000.0,DISAGREE
ACCO,total_assets,2018,2786400000.0,36700000.0,DISAGREE
ACCO,total_assets,2019,2788600000.0,35400000.0,DISAGREE
ACCO,total_assets,2020,3048700000.0,32800000.0,DISAGREE
ACCO,total_assets,2021,3091300000.0,46300000.0,DISAGREE
ACCO,total_assets,2022,2794700000.0,41500000.0,DISAGREE
ACCO,total_assets,2023,2644800000.0,43400000.0,DISAGREE
ACCO,total_assets,2024,2228400000.0,44700000.0,DISAGREE
ACCO,total_assets,2025,2253000000.0,19500000.0,DISAGREE
ACCO,total_equity,2008,-3400000.0,,only current parser
ACCO,total_equity,2009,-117200000.0,900000.0,DISAGREE
ACCO,total_equity,2010,-79800000.0,100000.0,DISAGREE
ACCO,total_equity,2011,-61900000.0,,only current parser
ACCO,total_equity,2012,639200000.0,100000.0,DISAGREE
ACCO,total_equity,2013,702300000.0,-100000.0,DISAGREE
ACCO,total_equity,2014,681000000.0,0.0,DISAGREE
ACCO,total_equity,2015,581200000.0,-100000.0,DISAGREE
ACCO,total_equity,2016,708700000.0,,only current parser
ACCO,total_equity,2017,774100000.0,,only current parser
ACCO,total_equity,2018,789700000.0,100000.0,DISAGREE
ACCO,total_equity,2019,773700000.0,-100000.0,DISAGREE
ACCO,total_equity,2020,742700000.0,100000.0,DISAGREE
ACCO,total_equity,2021,864800000.0,-100000.0,DISAGREE
ACCO,total_equity,2022,810100000.0,,only current parser
ACCO,total_equity,2023,787000000.0,100000.0,DISAGREE
ACCO,total_equity,2024,606100000.0,,only current parser
ACCO,total_equity,2025,664600000.0,-100000.0,DISAGREE
ACCO,depreciation_amortisation,2009,32100000.0,,only current parser
ACCO,depreciation_amortisation,2010,29600000.0,,only current parser
ACCO,depreciation_amortisation,2011,26500000.0,,only current parser
ACCO,depreciation_amortisation,2012,34500000.0,,only current parser
ACCO,depreciation_amortisation,2013,39900000.0,,only current parser
ACCO,depreciation_amortisation,2014,35300000.0,,only current parser
ACCO,depreciation_amortisation,2015,32400000.0,,only current parser
ACCO,depreciation_amortisation,2016,30400000.0,,only current parser
ACCO,depreciation_amortisation,2017,35600000.0,,only current parser
ACCO,depreciation_amortisation,2018,34000000.0,,only current parser
ACCO,depreciation_amortisation,2019,34900000.0,,only current parser
ACCO,depreciation_amortisation,2020,37900000.0,,only current parser
ACCO,depreciation_amortisation,2021,39400000.0,,only current parser
ACCO,depreciation_amortisation,2022,37900000.0,,only current parser
ACCO,depreciation_amortisation,2023,32700000.0,,only current parser
ACCO,depreciation_amortisation,2024,28400000.0,,only current parser
ACCO,depreciation_amortisation,2025,26600000.0,,only current parser
ACGL,net_income,2008,290966000.0,265122000.0,DISAGREE
ACGL,net_income,2015,537738000.0,907452000.0,DISAGREE
ACGL,net_income,2016,692738000.0,1622797000.0,DISAGREE
ACGL,net_income,2017,619278000.0,3085101000.0,DISAGREE
ACGL,total_assets,2008,,-81689000.0,only EdgarTools
ACGL,total_assets,2009,15375790000.0,629000.0,DISAGREE
ACGL,total_assets,2010,16279228000.0,42157000.0,DISAGREE
ACGL,total_assets,2011,17105357000.0,600000.0,DISAGREE
ACGL,total_assets,2012,17816762000.0,4281000.0,DISAGREE
ACGL,total_assets,2013,19557054000.0,11795000.0,DISAGREE
ACGL,total_assets,2014,21967742000.0,-736000.0,DISAGREE
ACGL,total_assets,2015,23138931000.0,22926000.0,DISAGREE
ACGL,total_assets,2016,29372109000.0,19343000.0,DISAGREE
ACGL,total_assets,2017,32051658000.0,125778000.0,DISAGREE
ACGL,total_assets,2018,32218329000.0,105670000.0,DISAGREE
ACGL,total_assets,2019,37885361000.0,82104000.0,DISAGREE
ACGL,total_assets,2020,43282297000.0,69031000.0,DISAGREE
ACGL,total_assets,2021,45101000000.0,82000000.0,DISAGREE
ACGL,total_assets,2022,47990000000.0,106000000.0,DISAGREE
ACGL,total_assets,2023,58906000000.0,95000000.0,DISAGREE
ACGL,total_assets,2024,70906000000.0,235000000.0,DISAGREE
ACGL,total_assets,2025,79241000000.0,193000000.0,DISAGREE
ACGL,total_equity,2008,3432965000.0,,only current parser
ACGL,total_equity,2009,4323349000.0,,only current parser
ACGL,total_equity,2010,4476786000.0,,only current parser
ACGL,total_equity,2011,4592074000.0,,only current parser
ACGL,total_equity,2012,5168878000.0,,only current parser
ACGL,total_equity,2013,5647496000.0,,only current parser
ACGL,total_equity,2014,6091714000.0,,only current parser
ACGL,total_equity,2015,6166542000.0,,only current parser
ACGL,total_equity,2016,8253718000.0,,only current parser
ACGL,total_equity,2017,9196602000.0,,only current parser
ACGL,total_equity,2018,9439827000.0,3.0,DISAGREE
ACGL,total_equity,2019,11497371000.0,,only current parser
ACGL,total_equity,2020,13105886000.0,,only current parser
ACGL,total_equity,2021,13546000000.0,,only current parser
ACGL,total_equity,2022,12910000000.0,,only current parser
ACGL,total_equity,2023,18353000000.0,,only current parser
ACGL,total_equity,2024,20820000000.0,,only current parser
ACGL,total_equity,2025,24206000000.0,,only current parser
ACGL,capex,2008,9501000.0,,only current parser
ACGL,capex,2009,19483000.0,,only current parser
ACGL,capex,2010,11664000.0,,only current parser
ACGL,capex,2011,18987000.0,,only current parser
ACGL,capex,2012,18532000.0,,only current parser
ACGL,capex,2013,17499000.0,,only current parser
ACGL,capex,2014,19883000.0,,only current parser
ACGL,capex,2015,15736000.0,,only current parser
ACGL,capex,2016,15303000.0,,only current parser
ACGL,capex,2017,22841000.0,,only current parser
ACGL,capex,2018,29809000.0,,only current parser
ACGL,capex,2019,37837000.0,,only current parser
ACGL,capex,2020,39872000.0,,only current parser
ACGL,capex,2021,41000000.0,,only current parser
ACGL,capex,2022,50000000.0,,only current parser
ACGL,capex,2023,52000000.0,,only current parser
ACGL,capex,2024,51000000.0,,only current parser
ACGL,capex,2025,44000000.0,,only current parser
ACH,revenue,2008,7243237000.0,,only current parser
ACH,revenue,2009,8037624000.0,,only current parser
ACH,revenue,2010,8123608000.0,,only current parser
ACH,revenue,2011,8627912000.0,,only current parser
ACH,revenue,2012,8868324000.0,,only current parser
ACH,revenue,2013,9071532000.0,,only current parser
ACH,revenue,2014,9440182000.0,,only current parser
ACH,revenue,2015,9772946000.0,,only current parser
ACH,operating_income,2009,201275000.0,-12201000.0,DISAGREE
ACH,net_income,2008,93327000.0,-612000.0,DISAGREE
ACH,net_income,2013,110882000.0,110144000.0,DISAGREE
ACH,total_assets,2008,,13859000.0,only EdgarTools
ACH,total_assets,2009,1747088000.0,3000000.0,DISAGREE
ACH,total_assets,2010,1822039000.0,3000000.0,DISAGREE
ACH,total_assets,2011,1946815000.0,3100000.0,DISAGREE
ACH,total_assets,2012,2214398000.0,2500000.0,DISAGREE
ACH,total_assets,2013,2324042000.0,3300000.0,DISAGREE
ACH,total_assets,2014,2735406000.0,5500000.0,DISAGREE
ACH,total_assets,2015,2773776000.0,9800000.0,DISAGREE
ACH,total_assets,2016,2717752000.0,10000000.0,DISAGREE
ACH,total_assets,2017,3376293000.0,16400000.0,DISAGREE
ACH,total_assets,2018,3773788000.0,35100000.0,DISAGREE
ACH,total_assets,2019,3643084000.0,44000000.0,DISAGREE
ACH,total_assets,2020,3335639000.0,41500000.0,DISAGREE
ACH,total_assets,2021,3536551000.0,39800000.0,DISAGREE
ACH,total_assets,2022,5386283000.0,78847000.0,DISAGREE
ACH,total_assets,2023,5093322000.0,58000000.0,DISAGREE
ACH,total_assets,2024,4656156000.0,40000000.0,DISAGREE
ACH,total_assets,2025,2451761000.0,74000000.0,DISAGREE
ACH,total_equity,2007,614359000.0,,only current parser
ACH,total_equity,2008,689051000.0,,only current parser
ACH,total_equity,2009,769179000.0,,only current parser
ACH,total_equity,2010,857518000.0,,only current parser
ACH,total_equity,2011,918087000.0,14686000.0,DISAGREE
ACH,total_equity,2012,972526000.0,9029000.0,DISAGREE
ACH,total_equity,2013,1023913000.0,9980000.0,DISAGREE
ACH,total_equity,2014,990838000.0,7554000.0,DISAGREE
ACH,total_equity,2015,992590000.0,9650000.0,DISAGREE
ACH,total_equity,2016,960038000.0,8559000.0,DISAGREE
ACH,total_equity,2017,1015479000.0,,only current parser
ACH,total_equity,2018,518419000.0,,only current parser
ACH,total_equity,2019,462154000.0,,only current parser
ACH,total_equity,2020,712054000.0,,only current parser
ACH,total_equity,2021,938501000.0,,only current parser
ACH,total_equity,2022,966742000.0,,only current parser
ACH,total_equity,2023,945304000.0,,only current parser
ACH,total_equity,2024,586364000.0,,only current parser
ACH,total_equity,2025,-460978000.0,,only current parser
ACH,depreciation_amortisation,2008,21955000.0,,only current parser
ACH,depreciation_amortisation,2009,25265000.0,,only current parser
ACH,depreciation_amortisation,2010,29148000.0,,only current parser
ACH,depreciation_amortisation,2011,34135000.0,102904000.0,DISAGREE
ACHC,operating_income,2012,80959000.0,-200000.0,DISAGREE
ACHC,net_income,2025,-1102772000.0,10849000.0,DISAGREE
ACHC,total_assets,2009,,3142000.0,only EdgarTools
ACHC,total_assets,2010,45395000.0,100000.0,DISAGREE
ACHC,total_assets,2011,412996000.0,1600000.0,DISAGREE
ACHC,total_assets,2012,983413000.0,600000.0,DISAGREE
ACHC,total_assets,2013,1224659000.0,800000.0,DISAGREE
ACHC,total_assets,2014,2206955000.0,600000.0,DISAGREE
ACHC,total_assets,2015,4279208000.0,500000.0,DISAGREE
ACHC,total_assets,2016,6024726000.0,0.028,DISAGREE
ACHC,total_assets,2017,6424502000.0,0.016,DISAGREE
ACHC,total_assets,2018,6172504000.0,-0.003,DISAGREE
ACHC,total_assets,2019,6879142000.0,0.006,DISAGREE
ACHC,total_assets,2020,6499362000.0,1.274,DISAGREE
ACHC,total_assets,2021,4768078000.0,-0.028,DISAGREE
ACHC,total_assets,2022,4987901000.0,0.002,DISAGREE
ACHC,total_assets,2023,5358841000.0,-0.001,DISAGREE
ACHC,total_assets,2024,5956915000.0,-0.003,DISAGREE
ACHC,total_assets,2025,5527448000.0,0.0,DISAGREE
ACHC,total_equity,2010,25107000.0,,only current parser
ACHC,total_equity,2011,96365000.0,,only current parser
ACHC,total_equity,2012,432550000.0,,only current parser
ACHC,total_equity,2013,480710000.0,,only current parser
ACHC,total_equity,2014,880965000.0,,only current parser
ACHC,total_equity,2015,1683028000.0,,only current parser
ACHC,total_equity,2016,2167724000.0,,only current parser
ACHC,total_equity,2017,2572871000.0,,only current parser
ACHC,total_equity,2018,2333307000.0,,only current parser
ACHC,total_equity,2019,2505381000.0,,only current parser
ACHC,total_equity,2020,1899456000.0,,only current parser
ACHC,total_equity,2021,2517489000.0,,only current parser
ACHC,total_equity,2022,2812727000.0,,only current parser
ACHC,total_equity,2023,2781974000.0,,only current parser
ACHC,total_equity,2024,3073715000.0,,only current parser
ACHC,total_equity,2025,1948960000.0,,only current parser
ACHC,depreciation_amortisation,2013,17090000.0,,only current parser
ACHC,depreciation_amortisation,2014,32667000.0,,only current parser
ACHC,depreciation_amortisation,2015,63550000.0,,only current parser
ACHC,depreciation_amortisation,2016,135103000.0,,only current parser
ACHC,depreciation_amortisation,2017,143010000.0,,only current parser
ACHC,depreciation_amortisation,2018,80342000.0,,only current parser
ACHC,depreciation_amortisation,2019,87923000.0,,only current parser
ACHC,depreciation_amortisation,2020,95256000.0,,only current parser
ACHC,depreciation_amortisation,2021,106717000.0,,only current parser
ACHC,depreciation_amortisation,2022,117769000.0,,only current parser
ACHC,depreciation_amortisation,2023,132349000.0,,only current parser
ACHC,depreciation_amortisation,2024,149595000.0,,only current parser
ACHC,depreciation_amortisation,2025,189249000.0,,only current parser
ACHV,total_assets,2009,,12000.0,only EdgarTools
ACHV,total_assets,2010,89918000.0,2620000.0,DISAGREE
ACHV,total_assets,2011,68015000.0,6175000.0,DISAGREE
ACHV,total_assets,2012,82016000.0,6324000.0,DISAGREE
ACHV,total_assets,2013,55689000.0,10538000.0,DISAGREE
ACHV,total_assets,2014,56291000.0,-7854000.0,DISAGREE
ACHV,total_assets,2015,58209000.0,-5114000.0,DISAGREE
ACHV,total_assets,2016,3807000.0,2000.0,DISAGREE
ACHV,total_assets,2017,9892000.0,-8610000.0,DISAGREE
ACHV,total_assets,2018,19084000.0,4182000.0,DISAGREE
ACHV,total_assets,2019,21078000.0,-3246000.0,DISAGREE
ACHV,total_assets,2020,40298000.0,3662000.0,DISAGREE
ACHV,total_assets,2021,47516000.0,7544000.0,DISAGREE
ACHV,total_assets,2022,29971000.0,10464000.0,DISAGREE
ACHV,total_assets,2023,19371000.0,200000.0,DISAGREE
ACHV,total_assets,2024,38633000.0,200000.0,DISAGREE
ACHV,total_assets,2025,41790000.0,200000.0,DISAGREE
ACHV,total_equity,2008,10707000.0,,only current parser
ACHV,total_equity,2009,22959000.0,,only current parser
ACHV,total_equity,2010,44125000.0,,only current parser
ACHV,total_equity,2011,30890000.0,,only current parser
ACHV,total_equity,2012,66207000.0,,only current parser
ACHV,total_equity,2013,37211000.0,,only current parser
ACHV,total_equity,2014,0.0,,only current parser
ACHV,total_equity,2015,1840000.0,,only current parser
ACHV,total_equity,2016,610000.0,,only current parser
ACHV,total_equity,2017,15802000.0,,only current parser
ACHV,total_equity,2018,15802000.0,,only current parser
ACHV,total_equity,2019,18050000.0,,only current parser
ACHV,total_equity,2020,37286000.0,,only current parser
ACHV,total_equity,2021,28042000.0,,only current parser
ACHV,total_equity,2022,8303000.0,,only current parser
ACHV,total_equity,2023,-1448000.0,,only current parser
ACHV,total_equity,2024,20899000.0,,only current parser
ACHV,total_equity,2025,21518000.0,,only current parser
ACHV,depreciation_amortisation,2009,50000.0,,only current parser
ACHV,depreciation_amortisation,2010,52000.0,,only current parser
ACHV,depreciation_amortisation,2011,75000.0,,only current parser
ACHV,depreciation_amortisation,2012,100000.0,,only current parser
ACHV,depreciation_amortisation,2013,227000.0,,only current parser
ACHV,depreciation_amortisation,2014,223000.0,,only current parser
ACHV,depreciation_amortisation,2015,244000.0,,only current parser
ACHV,depreciation_amortisation,2016,188000.0,,only current parser
ACHV,depreciation_amortisation,2017,59000.0,,only current parser
ACHV,depreciation_amortisation,2018,60000.0,,only current parser
ACHV,depreciation_amortisation,2019,31000.0,,only current parser
ACHV,depreciation_amortisation,2020,255000.0,,only current parser
ACHV,depreciation_amortisation,2021,250000.0,,only current parser
ACHV,depreciation_amortisation,2022,236000.0,,only current parser
ACHV,depreciation_amortisation,2023,228000.0,,only current parser
ACHV,depreciation_amortisation,2024,229000.0,,only current parser
ACHV,depreciation_amortisation,2025,228000.0,,only current parser
ACI,revenue,2015,58734000000.0,,only current parser
ACI,total_assets,2015,,497600000.0,only EdgarTools
ACI,total_assets,2016,23755000000.0,512700000.0,DISAGREE
ACI,total_assets,2017,21812300000.0,447400000.0,DISAGREE
ACI,total_assets,2018,20776600000.0,379700000.0,DISAGREE
ACI,total_assets,2019,24735100000.0,355800000.0,DISAGREE
ACI,total_assets,2020,26598000000.0,156600000.0,DISAGREE
ACI,total_assets,2021,28123000000.0,187200000.0,DISAGREE
ACI,total_assets,2022,26168200000.0,253600000.0,DISAGREE
ACI,total_assets,2023,26221100000.0,312700000.0,DISAGREE
ACI,total_assets,2024,26755700000.0,337700000.0,DISAGREE
ACI,total_assets,2025,26765900000.0,340600000.0,DISAGREE
ACI,total_equity,2017,1398200000.0,,only current parser
ACI,total_equity,2018,1450700000.0,13100000.0,DISAGREE
ACI,total_equity,2019,2278100000.0,1200000.0,DISAGREE
ACI,total_equity,2020,1324300000.0,100000.0,DISAGREE
ACI,total_equity,2021,3024600000.0,400000.0,DISAGREE
ACI,total_equity,2022,1610700000.0,1500000.0,DISAGREE
ACI,total_equity,2023,2747500000.0,100000.0,DISAGREE
ACI,total_equity,2024,3385900000.0,3900000.0,DISAGREE
ACI,total_equity,2025,1836200000.0,0.0,DISAGREE
ACI,capex,2021,1606500000.0,,only current parser
ACI,capex,2022,2153900000.0,,only current parser
ACI,capex,2023,2031300000.0,,only current parser
ACI,capex,2024,1931200000.0,,only current parser
ACI,capex,2025,1839400000.0,,only current parser
ACI,depreciation_amortisation,2015,1096200000.0,,only current parser
ACI,depreciation_amortisation,2016,1245500000.0,,only current parser
ACI,depreciation_amortisation,2017,1330500000.0,,only current parser
ACI,depreciation_amortisation,2018,1257700000.0,,only current parser
ACI,depreciation_amortisation,2019,1691300000.0,,only current parser
ACI,depreciation_amortisation,2020,1536900000.0,,only current parser
ACI,depreciation_amortisation,2021,1681300000.0,,only current parser
ACI,depreciation_amortisation,2022,1807100000.0,,only current parser
ACI,depreciation_amortisation,2023,1779000000.0,,only current parser
ACI,depreciation_amortisation,2024,1817900000.0,,only current parser
ACI,depreciation_amortisation,2025,1913700000.0,,only current parser
ACI,diluted_shares,2017,279700000.0,579500000.0,DISAGREE
ACIC,net_income,2016,5698000.0,37658000.0,DISAGREE
ACIC,total_assets,2009,,3047000.0,only EdgarTools
ACIC,total_assets,2010,213621000.0,398000.0,DISAGREE
ACIC,total_assets,2011,240215000.0,-371000.0,DISAGREE
ACIC,total_assets,2012,313614000.0,-2238000.0,DISAGREE
ACIC,total_assets,2013,441230000.0,-28000.0,DISAGREE
ACIC,total_assets,2014,584169000.0,460000.0,DISAGREE
ACIC,total_assets,2015,740021000.0,3090000.0,DISAGREE
ACIC,total_assets,2016,999686000.0,10910000.0,DISAGREE
ACIC,total_assets,2017,2059921000.0,31200000.0,DISAGREE
ACIC,total_assets,2018,2321428000.0,13920000.0,DISAGREE
ACIC,total_assets,2019,2467218000.0,5355000.0,DISAGREE
ACIC,total_assets,2020,2848941000.0,4267000.0,DISAGREE
ACIC,total_assets,2021,2698573000.0,3555000.0,DISAGREE
ACIC,total_assets,2022,2837496000.0,3247000.0,DISAGREE
ACIC,total_assets,2023,1062378000.0,3247000.0,DISAGREE
ACIC,total_assets,2024,1216112000.0,2640000.0,DISAGREE
ACIC,total_assets,2025,1072732000.0,2437000.0,DISAGREE
ACIC,total_equity,2008,42927000.0,,only current parser
ACIC,total_equity,2009,48071000.0,,only current parser
ACIC,total_equity,2010,45293000.0,,only current parser
ACIC,total_equity,2011,54989000.0,,only current parser
ACIC,total_equity,2012,87986000.0,,only current parser
ACIC,total_equity,2013,107587000.0,,only current parser
ACIC,total_equity,2014,203763000.0,,only current parser
ACIC,total_equity,2015,239211000.0,,only current parser
ACIC,total_equity,2016,241327000.0,,only current parser
ACIC,total_equity,2017,537125000.0,,only current parser
ACIC,total_equity,2018,520230000.0,,only current parser
ACIC,total_equity,2019,503138000.0,,only current parser
ACIC,total_equity,2020,395753000.0,,only current parser
ACIC,total_equity,2021,312406000.0,,only current parser
ACIC,total_equity,2022,-182039000.0,,only current parser
ACIC,total_equity,2023,168765000.0,,only current parser
ACIC,total_equity,2024,235660000.0,,only current parser
ACIC,total_equity,2025,317565000.0,,only current parser
ACIC,depreciation_amortisation,2009,1188000.0,,only current parser
ACIC,depreciation_amortisation,2010,1106000.0,,only current parser
ACIC,depreciation_amortisation,2011,719000.0,,only current parser
ACIC,depreciation_amortisation,2025,3798000.0,18000.0,DISAGREE
ACIW,revenue,2008,417653000.0,38477000.0,DISAGREE
ACIW,revenue,2009,405755000.0,40170000.0,DISAGREE
ACIW,revenue,2010,418424000.0,44353000.0,DISAGREE
ACIW,revenue,2011,465095000.0,,only current parser
ACIW,revenue,2012,666579000.0,,only current parser
ACIW,revenue,2013,864928000.0,,only current parser
ACIW,revenue,2014,1016149000.0,,only current parser
ACIW,revenue,2015,1045977000.0,,only current parser
ACIW,revenue,2019,1258294000.0,,only current parser
ACIW,revenue,2020,1294322000.0,,only current parser
ACIW,revenue,2021,1370598000.0,,only current parser
ACIW,revenue,2022,1421901000.0,,only current parser
ACIW,revenue,2023,1452579000.0,,only current parser
ACIW,revenue,2024,1594288000.0,,only current parser
ACIW,revenue,2025,1759782000.0,,only current parser
ACIW,net_income,2008,10582000.0,5258000.0,DISAGREE
ACIW,net_income,2011,45852000.0,46221000.0,DISAGREE
ACIW,net_income,2012,48846000.0,64443000.0,DISAGREE
ACIW,total_assets,2008,,187000.0,only EdgarTools
ACIW,total_assets,2009,590043000.0,6100000.0,DISAGREE
ACIW,total_assets,2010,601529000.0,6300000.0,DISAGREE
ACIW,total_assets,2011,664642000.0,6400000.0,DISAGREE
ACIW,total_assets,2012,1250886000.0,12100000.0,DISAGREE
ACIW,total_assets,2013,1681851000.0,18500000.0,DISAGREE
ACIW,total_assets,2014,1850700000.0,24700000.0,DISAGREE
ACIW,total_assets,2015,1975788000.0,23000000.0,DISAGREE
ACIW,total_assets,2016,1902295000.0,21200000.0,DISAGREE
ACIW,total_assets,2017,1861639000.0,19400000.0,DISAGREE
ACIW,total_assets,2018,2122455000.0,19000000.0,DISAGREE
ACIW,total_assets,2019,3257534000.0,31900000.0,DISAGREE
ACIW,total_assets,2020,3386903000.0,37100000.0,DISAGREE
ACIW,total_assets,2021,3158741000.0,37000000.0,DISAGREE
ACIW,total_assets,2022,3209895000.0,35500000.0,DISAGREE
ACIW,total_assets,2023,3444739000.0,33800000.0,DISAGREE
ACIW,total_assets,2024,3025293000.0,29500000.0,DISAGREE
ACIW,total_assets,2025,3104907000.0,21100000.0,DISAGREE
ACIW,total_equity,2007,241039000.0,,only current parser
ACIW,total_equity,2008,213841000.0,,only current parser
ACIW,total_equity,2009,236063000.0,,only current parser
ACIW,total_equity,2010,255623000.0,,only current parser
ACIW,total_equity,2011,317330000.0,,only current parser
ACIW,total_equity,2012,534357000.0,29596000.0,DISAGREE
ACIW,total_equity,2013,543694000.0,,only current parser
ACIW,total_equity,2014,581405000.0,,only current parser
ACIW,total_equity,2015,654400000.0,,only current parser
ACIW,total_equity,2016,754917000.0,,only current parser
ACIW,total_equity,2017,764597000.0,,only current parser
ACIW,total_equity,2018,1048231000.0,,only current parser
ACIW,total_equity,2019,1129968000.0,,only current parser
ACIW,total_equity,2020,1206597000.0,,only current parser
ACIW,total_equity,2021,1244777000.0,,only current parser
ACIW,total_equity,2022,1193187000.0,,only current parser
ACIW,total_equity,2023,1324297000.0,,only current parser
ACIW,total_equity,2024,1424327000.0,,only current parser
ACIW,total_equity,2025,1519078000.0,,only current parser
ACIW,depreciation_amortisation,2008,16649000.0,,only current parser
ACLS,revenue,2009,133022000.0,33917000.0,DISAGREE
ACLS,revenue,2010,275212000.0,32441000.0,DISAGREE
ACLS,revenue,2011,319416000.0,32092000.0,DISAGREE
ACLS,revenue,2012,203385000.0,29076000.0,DISAGREE
ACLS,revenue,2013,195632000.0,26045000.0,DISAGREE
ACLS,revenue,2014,203051000.0,23805000.0,DISAGREE
ACLS,total_assets,2009,,4474000.0,only EdgarTools
ACLS,total_assets,2010,280872000.0,600000.0,DISAGREE
ACLS,total_assets,2011,269245000.0,700000.0,DISAGREE
ACLS,total_assets,2012,222158000.0,600000.0,DISAGREE
ACLS,total_assets,2013,233549000.0,600000.0,DISAGREE
ACLS,total_assets,2014,227654000.0,700000.0,DISAGREE
ACLS,total_assets,2015,281784000.0,700000.0,DISAGREE
ACLS,total_assets,2016,302231000.0,800000.0,DISAGREE
ACLS,total_assets,2017,488218000.0,1000000.0,DISAGREE
ACLS,total_assets,2018,548441000.0,1300000.0,DISAGREE
ACLS,total_assets,2019,548094000.0,1200000.0,DISAGREE
ACLS,total_assets,2020,624624000.0,1200000.0,DISAGREE
ACLS,total_assets,2021,753240000.0,1500000.0,DISAGREE
ACLS,total_assets,2022,1013641000.0,1500000.0,DISAGREE
ACLS,total_assets,2023,1281967000.0,1700000.0,DISAGREE
ACLS,total_assets,2024,1348781000.0,1700000.0,DISAGREE
ACLS,total_assets,2025,1361351000.0,1700000.0,DISAGREE
ACLS,total_equity,2008,319377000.0,,only current parser
ACLS,total_equity,2009,216399000.0,,only current parser
ACLS,total_equity,2010,205567000.0,,only current parser
ACLS,total_equity,2011,214555000.0,,only current parser
ACLS,total_equity,2012,186076000.0,,only current parser
ACLS,total_equity,2013,169506000.0,,only current parser
ACLS,total_equity,2014,161856000.0,,only current parser
ACLS,total_equity,2015,183764000.0,,only current parser
ACLS,total_equity,2016,201455000.0,,only current parser
ACLS,total_equity,2017,353610000.0,,only current parser
ACLS,total_equity,2018,408337000.0,,only current parser
ACLS,total_equity,2019,419427000.0,,only current parser
ACLS,total_equity,2020,481602000.0,,only current parser
ACLS,total_equity,2021,538959000.0,,only current parser
ACLS,total_equity,2022,667256000.0,,only current parser
ACLS,total_equity,2023,864882000.0,,only current parser
ACLS,total_equity,2024,1012790000.0,,only current parser
ACLS,total_equity,2025,1034677000.0,,only current parser
ACMR,revenue,2019,107524000.0,,only current parser
ACMR,revenue,2020,156624000.0,,only current parser
ACMR,revenue,2021,259751000.0,,only current parser
ACMR,revenue,2022,388832000.0,,only current parser
ACMR,revenue,2023,557723000.0,,only current parser
ACMR,revenue,2024,782118000.0,,only current parser
ACMR,revenue,2025,901309000.0,,only current parser
ACMR,total_assets,2016,44467000.0,-0.038,DISAGREE
ACMR,total_assets,2017,67891000.0,3.499,DISAGREE
ACMR,total_assets,2018,103047000.0,-0.0478,DISAGREE
ACMR,total_assets,2019,217703000.0,-0.2019,DISAGREE
ACMR,total_assets,2020,341257000.0,-0.0025,DISAGREE
ACMR,total_assets,2021,1052179000.0,0.0016,DISAGREE
ACMR,total_assets,2022,1235500000.0,0.0128,DISAGREE
ACMR,total_assets,2023,1490908000.0,0.087,DISAGREE
ACMR,total_assets,2024,1855721000.0,0.088,DISAGREE
ACMR,total_assets,2025,2872185000.0,947000.0,DISAGREE
ACMR,total_equity,2015,-4479000.0,,only current parser
ACMR,total_equity,2016,-2434000.0,,only current parser
ACMR,total_equity,2017,39857000.0,,only current parser
ACMR,total_equity,2018,52324000.0,,only current parser
ACMR,total_equity,2019,97321000.0,,only current parser
ACMR,total_equity,2020,141150000.0,,only current parser
ACMR,total_equity,2021,676204000.0,,only current parser
ACMR,total_equity,2022,674856000.0,,only current parser
ACMR,total_equity,2023,767390000.0,,only current parser
ACMR,total_equity,2024,904625000.0,,only current parser
ACMR,total_equity,2025,1464363000.0,,only current parser
ACMR,depreciation_amortisation,2016,187000.0,,only current parser
ACMR,depreciation_amortisation,2017,271000.0,,only current parser
ACMR,depreciation_amortisation,2018,417000.0,,only current parser
ACMR,depreciation_amortisation,2019,788000.0,,only current parser
ACMR,depreciation_amortisation,2020,1055000.0,,only current parser
ACMR,depreciation_amortisation,2021,2353000.0,,only current parser
ACNB,net_income,2016,10869000.0,13591000.0,DISAGREE
ACNB,net_income,2019,23721000.0,22138000.0,DISAGREE
ACNB,total_assets,2009,,638000.0,only EdgarTools
ACNB,total_assets,2010,968667000.0,641000.0,DISAGREE
ACNB,total_assets,2011,1004823000.0,641000.0,DISAGREE
ACNB,total_assets,2012,1049995000.0,641000.0,DISAGREE
ACNB,total_assets,2013,1046047000.0,641000.0,DISAGREE
ACNB,total_assets,2014,1089808000.0,649000.0,DISAGREE
ACNB,total_assets,2015,1147925000.0,336000.0,DISAGREE
ACNB,total_assets,2016,1206320000.0,345000.0,DISAGREE
ACNB,total_assets,2017,1595432000.0,537000.0,DISAGREE
ACNB,total_assets,2018,1647724000.0,745000.0,DISAGREE
ACNB,total_assets,2019,1720253000.0,621000.0,DISAGREE
ACNB,total_assets,2020,2555362000.0,1264000.0,DISAGREE
ACNB,total_assets,2021,2786987000.0,1164000.0,DISAGREE
ACNB,total_assets,2022,2525507000.0,1492000.0,DISAGREE
ACNB,total_assets,2023,2418847000.0,1424000.0,DISAGREE
ACNB,total_assets,2024,2394830000.0,1244000.0,DISAGREE
ACNB,total_assets,2025,3228126000.0,4257000.0,DISAGREE
ACNB,total_equity,2008,84439000.0,,only current parser
ACNB,total_equity,2009,88303000.0,,only current parser
ACNB,total_equity,2010,93754000.0,,only current parser
ACNB,total_equity,2011,97474000.0,,only current parser
ACNB,total_equity,2012,101264000.0,,only current parser
ACNB,total_equity,2013,106802000.0,,only current parser
ACNB,total_equity,2014,110022000.0,,only current parser
ACNB,total_equity,2015,114715000.0,,only current parser
ACNB,total_equity,2016,120061000.0,,only current parser
ACNB,total_equity,2017,153966000.0,,only current parser
ACNB,total_equity,2018,168137000.0,,only current parser
ACNB,total_equity,2019,189516000.0,,only current parser
ACNB,total_equity,2020,257972000.0,,only current parser
ACNB,total_equity,2021,272114000.0,,only current parser
ACNB,total_equity,2022,245042000.0,,only current parser
ACNB,total_equity,2023,277461000.0,,only current parser
ACNB,total_equity,2024,303273000.0,,only current parser
ACNB,total_equity,2025,419974000.0,,only current parser
ACNB,depreciation_amortisation,2010,1701000.0,,only current parser
ACNB,depreciation_amortisation,2011,1578000.0,,only current parser
ACNB,depreciation_amortisation,2012,1401000.0,,only current parser
ACNB,depreciation_amortisation,2013,1352000.0,,only current parser
ACNB,depreciation_amortisation,2014,1414000.0,,only current parser
ACNB,depreciation_amortisation,2015,1419000.0,,only current parser
ACNB,depreciation_amortisation,2016,1455000.0,,only current parser
ACNB,depreciation_amortisation,2017,1755000.0,,only current parser
ACNB,depreciation_amortisation,2018,2108000.0,,only current parser
ACNB,depreciation_amortisation,2019,2076000.0,,only current parser
ACNB,depreciation_amortisation,2020,2387000.0,,only current parser
ACNB,depreciation_amortisation,2021,2277000.0,,only current parser
ACNB,diluted_shares,2010,5928343.0,,only current parser
ACNB,diluted_shares,2011,5936030.0,,only current parser
ACNB,diluted_shares,2012,5953723.0,,only current parser
ACNB,diluted_shares,2013,5976960.0,,only current parser
ACNB,diluted_shares,2014,6002240.0,,only current parser
ACNB,diluted_shares,2015,6026224.0,,only current parser
ACNB,diluted_shares,2016,6051579.0,,only current parser
ACNB,diluted_shares,2017,6543756.0,,only current parser
ACNB,diluted_shares,2018,7035818.0,,only current parser
ACNB,diluted_shares,2019,7061524.0,,only current parser
ACNB,diluted_shares,2020,8638654.0,,only current parser
ACNB,diluted_shares,2021,8714926.0,,only current parser
